seed,class,quartile,n,nrmse_lo,nrmse_hi,nrmse_median,corr_median,recall,mean_p_true,median_p_true,frac_pred_NORM,corr_median_mean,corr_median_std,frac_pred_NORM_mean,frac_pred_NORM_std,mean_p_true_mean,mean_p_true_std,median_p_true_mean,median_p_true_std,n_mean,n_std,nrmse_hi_mean,nrmse_hi_std,nrmse_lo_mean,nrmse_lo_std,nrmse_median_mean,nrmse_median_std,quartile_mean,quartile_std,recall_mean,recall_std
42,NORM,1,228.0,0.23770648,0.353447915,0.33370394999999997,0.939086874574266,0.956140350877193,0.8398662209510803,0.9095159769058228,0.956140350877193,,,,,,,,,,,,,,,,,,,,
42,NORM,2,228.0,0.353447915,0.39141198499999996,0.372191505,0.926682403307444,0.9342105263157895,0.8465782999992371,0.918372631072998,0.9342105263157895,,,,,,,,,,,,,,,,,,,,
42,NORM,3,228.0,0.39141198499999996,0.43830869,0.4122617,0.9118252020352928,0.956140350877193,0.864987850189209,0.9355509281158447,0.956140350877193,,,,,,,,,,,,,,,,,,,,
42,NORM,4,228.0,0.43830869,0.9981966,0.49636265,0.8713571200449999,0.8903508771929824,0.7675054669380188,0.8561429977416992,0.8903508771929824,,,,,,,,,,,,,,,,,,,,
42,MI,1,64.0,0.25677437,0.36668910499999996,0.339710165,0.9338445306768838,0.390625,0.3891766667366028,0.23984438180923462,0.546875,,,,,,,,,,,,,,,,,,,,
42,MI,2,64.0,0.36668910499999996,0.437040725,0.39534060000000004,0.9092131670385339,0.40625,0.39046579599380493,0.2813509404659271,0.515625,,,,,,,,,,,,,,,,,,,,
42,MI,3,64.0,0.437040725,0.538513,0.47534308000000003,0.8716296612371424,0.484375,0.4633032977581024,0.42942726612091064,0.34375,,,,,,,,,,,,,,,,,,,,
42,MI,4,64.0,0.538513,1.0396415,0.67928502,0.7269321943094866,0.671875,0.5316395163536072,0.560543417930603,0.109375,,,,,,,,,,,,,,,,,,,,
42,STTC,1,61.0,0.23303328,0.3541631,0.32139206,0.9394192064124964,0.6065573770491803,0.5418897271156311,0.6010985374450684,0.29508196721311475,,,,,,,,,,,,,,,,,,,,
42,STTC,2,60.0,0.3541631,0.403047115,0.37668347999999996,0.9218740629721096,0.6333333333333333,0.5547969937324524,0.6531435251235962,0.3,,,,,,,,,,,,,,,,,,,,
42,STTC,3,60.0,0.403047115,0.48123951249999997,0.435798235,0.9010037175092342,0.5833333333333334,0.48875296115875244,0.5522682070732117,0.3,,,,,,,,,,,,,,,,,,,,
42,STTC,4,61.0,0.48123951249999997,1.0329325,0.63994676,0.7694786780474637,0.6065573770491803,0.5421674847602844,0.6516762971878052,0.2786885245901639,,,,,,,,,,,,,,,,,,,,
42,CD,1,46.0,0.22692193,0.37253373,0.32493513,0.9270860182336764,0.6304347826086957,0.6188271045684814,0.829634964466095,0.32608695652173914,,,,,,,,,,,,,,,,,,,,
42,CD,2,46.0,0.37253373,0.44516011,0.40900103,0.9062416487932095,0.41304347826086957,0.43832045793533325,0.3140406310558319,0.4782608695652174,,,,,,,,,,,,,,,,,,,,
42,CD,3,46.0,0.44516011,0.5989643649999999,0.48686642,0.8760492492431724,0.5434782608695652,0.5056866407394409,0.4830760359764099,0.41304347826086957,,,,,,,,,,,,,,,,,,,,
42,CD,4,46.0,0.5989643649999999,1.0334979,0.71358385,0.6969096111013728,0.7608695652173914,0.740948498249054,0.9917076826095581,0.15217391304347827,,,,,,,,,,,,,,,,,,,,
1,NORM,1,228.0,0.200914,0.3231278375,0.3039707,0.9474288676597948,0.9605263157894737,0.8503596186637878,0.9194656610488892,0.9605263157894737,,,,,,,,,,,,,,,,,,,,
1,NORM,2,228.0,0.3231278375,0.365347565,0.3461152,0.9321501879097892,0.9298245614035088,0.8397555351257324,0.9241483211517334,0.9298245614035088,,,,,,,,,,,,,,,,,,,,
1,NORM,3,228.0,0.365347565,0.414070595,0.385204135,0.9199374671255377,0.9780701754385965,0.8768417239189148,0.9424551725387573,0.9780701754385965,,,,,,,,,,,,,,,,,,,,
1,NORM,4,228.0,0.414070595,0.9581958,0.47648814500000003,0.8803487414893246,0.8508771929824561,0.7519638538360596,0.8540394902229309,0.8508771929824561,,,,,,,,,,,,,,,,,,,,
1,MI,1,64.0,0.23986563,0.34648269249999997,0.31838754,0.9404097034329137,0.375,0.3893897533416748,0.2859104573726654,0.515625,,,,,,,,,,,,,,,,,,,,
1,MI,2,64.0,0.34648269249999997,0.41516768,0.37664142,0.9152211122815346,0.375,0.3966186046600342,0.3106127977371216,0.546875,,,,,,,,,,,,,,,,,,,,
1,MI,3,64.0,0.41516768,0.50355122,0.45140782,0.8800542935731785,0.453125,0.45515644550323486,0.4034309983253479,0.375,,,,,,,,,,,,,,,,,,,,
1,MI,4,64.0,0.50355122,0.9639938,0.67255825,0.7341323532277597,0.5625,0.5349869132041931,0.4625805616378784,0.234375,,,,,,,,,,,,,,,,,,,,
1,STTC,1,61.0,0.19984785,0.32410068999999997,0.28977233,0.948180265363157,0.7049180327868853,0.5721487998962402,0.6364548802375793,0.2459016393442623,,,,,,,,,,,,,,,,,,,,
1,STTC,2,60.0,0.32410068999999997,0.37820463000000004,0.351367325,0.9308576233026846,0.6833333333333333,0.5848003029823303,0.6121849417686462,0.23333333333333334,,,,,,,,,,,,,,,,,,,,
1,STTC,3,60.0,0.37820463000000004,0.46202145,0.41241443499999997,0.9078780428376806,0.65,0.5244444608688354,0.5641745328903198,0.25,,,,,,,,,,,,,,,,,,,,
1,STTC,4,61.0,0.46202145,0.9642436,0.6270974,0.7855578267384139,0.5737704918032787,0.48670855164527893,0.5705315470695496,0.32786885245901637,,,,,,,,,,,,,,,,,,,,
1,CD,1,46.0,0.22813748,0.3573937075,0.31424726000000003,0.9302167679612531,0.6521739130434783,0.5952015519142151,0.7496044635772705,0.32608695652173914,,,,,,,,,,,,,,,,,,,,
1,CD,2,46.0,0.3573937075,0.42650500999999996,0.39057213,0.9167970234745417,0.391304347826087,0.39925259351730347,0.3081260025501251,0.5,,,,,,,,,,,,,,,,,,,,
1,CD,3,46.0,0.42650500999999996,0.5551332,0.465977905,0.8828239792354112,0.5652173913043478,0.535469651222229,0.6547925472259521,0.391304347826087,,,,,,,,,,,,,,,,,,,,
1,CD,4,46.0,0.5551332,1.0243051,0.6969294850000001,0.7048935876657596,0.7608695652173914,0.738919734954834,0.9888734221458435,0.17391304347826086,,,,,,,,,,,,,,,,,,,,
2,NORM,1,228.0,0.21500306,0.33543805,0.31498317,0.947961168734802,0.9605263157894737,0.851851761341095,0.9162594079971313,0.9605263157894737,,,,,,,,,,,,,,,,,,,,
2,NORM,2,228.0,0.33543805,0.37305899,0.35609058000000005,0.9339382710550153,0.9473684210526315,0.8573241829872131,0.9344596862792969,0.9473684210526315,,,,,,,,,,,,,,,,,,,,
2,NORM,3,228.0,0.37305899,0.4186411275,0.392065095,0.9201263617300407,0.9649122807017544,0.8565151691436768,0.9147087335586548,0.9649122807017544,,,,,,,,,,,,,,,,,,,,
2,NORM,4,228.0,0.4186411275,0.96466345,0.475058805,0.8870778644784372,0.9210526315789473,0.7619611620903015,0.8357691764831543,0.9210526315789473,,,,,,,,,,,,,,,,,,,,
2,MI,1,64.0,0.25538835,0.35565175,0.32439366999999997,0.940132485218359,0.34375,0.3475385308265686,0.2860652804374695,0.546875,,,,,,,,,,,,,,,,,,,,
2,MI,2,64.0,0.35565175,0.41317631,0.3789611,0.9203905517141778,0.453125,0.40883558988571167,0.32868117094039917,0.515625,,,,,,,,,,,,,,,,,,,,
2,MI,3,64.0,0.41317631,0.5133621675,0.45341873,0.8855411671165483,0.546875,0.4857103228569031,0.4256720542907715,0.390625,,,,,,,,,,,,,,,,,,,,
2,MI,4,64.0,0.5133621675,0.96089983,0.66330562,0.7389710873759836,0.703125,0.5639790296554565,0.5628284215927124,0.140625,,,,,,,,,,,,,,,,,,,,
2,STTC,1,61.0,0.21651556,0.33283981500000004,0.29807362,0.9485676051134828,0.7704918032786885,0.6254201531410217,0.6884070038795471,0.16393442622950818,,,,,,,,,,,,,,,,,,,,
2,STTC,2,60.0,0.33283981500000004,0.382008415,0.35527636500000004,0.9301383989285645,0.65,0.5304464101791382,0.5235161185264587,0.25,,,,,,,,,,,,,,,,,,,,
2,STTC,3,60.0,0.382008415,0.45382935,0.415735635,0.9132515061415872,0.5666666666666667,0.5039408802986145,0.46081873774528503,0.38333333333333336,,,,,,,,,,,,,,,,,,,,
2,STTC,4,61.0,0.45382935,0.9249007,0.62724,0.7876124144060305,0.5737704918032787,0.518358051776886,0.5936743021011353,0.36065573770491804,,,,,,,,,,,,,,,,,,,,
2,CD,1,46.0,0.24580556,0.36246383,0.320357295,0.9356604218512568,0.6086956521739131,0.5964697003364563,0.8806486129760742,0.32608695652173914,,,,,,,,,,,,,,,,,,,,
2,CD,2,46.0,0.36246383,0.42150524,0.39643164,0.9083485031644386,0.43478260869565216,0.43128296732902527,0.18348804116249084,0.41304347826086957,,,,,,,,,,,,,,,,,,,,
2,CD,3,46.0,0.42150524,0.492974585,0.45623855,0.9002004403565596,0.5434782608695652,0.5474146604537964,0.6882253885269165,0.41304347826086957,,,,,,,,,,,,,,,,,,,,
2,CD,4,46.0,0.492974585,1.0109599,0.69464965,0.7088777812828434,0.717391304347826,0.6645455956459045,0.96551513671875,0.21739130434782608,,,,,,,,,,,,,,,,,,,,
3,NORM,1,228.0,0.22496471,0.3315439,0.311792275,0.9477931337939578,0.9429824561403509,0.8474149107933044,0.912540078163147,0.9429824561403509,,,,,,,,,,,,,,,,,,,,
3,NORM,2,228.0,0.3315439,0.36989997500000005,0.35031477499999997,0.9355435478127494,0.956140350877193,0.8542816638946533,0.9182140827178955,0.956140350877193,,,,,,,,,,,,,,,,,,,,
3,NORM,3,228.0,0.36989997500000005,0.4151861075,0.38999871500000005,0.9199687819037687,0.9780701754385965,0.8731541037559509,0.9321048855781555,0.9780701754385965,,,,,,,,,,,,,,,,,,,,
3,NORM,4,228.0,0.4151861075,0.95204544,0.46895787499999997,0.8834029757439499,0.8947368421052632,0.7632408142089844,0.8347320556640625,0.8947368421052632,,,,,,,,,,,,,,,,,,,,
3,MI,1,64.0,0.24200359,0.3436471975,0.32443412,0.9414372328050307,0.375,0.36040210723876953,0.22273477911949158,0.5625,,,,,,,,,,,,,,,,,,,,
3,MI,2,64.0,0.3436471975,0.40961820000000004,0.37294828999999996,0.9201434488567825,0.359375,0.3719852566719055,0.2676723599433899,0.53125,,,,,,,,,,,,,,,,,,,,
3,MI,3,64.0,0.40961820000000004,0.5052279225,0.45213221000000003,0.8958779117762634,0.40625,0.441275417804718,0.3647904396057129,0.375,,,,,,,,,,,,,,,,,,,,
3,MI,4,64.0,0.5052279225,0.9708411,0.66850895,0.7416742004631246,0.609375,0.5425888895988464,0.5635823011398315,0.15625,,,,,,,,,,,,,,,,,,,,
3,STTC,1,61.0,0.22098309,0.3333607175,0.3025215,0.9443940995630852,0.6885245901639344,0.5664290189743042,0.6332065463066101,0.2459016393442623,,,,,,,,,,,,,,,,,,,,
3,STTC,2,60.0,0.3333607175,0.381008805,0.35619966000000003,0.9305892653338609,0.6833333333333333,0.5871606469154358,0.6773805618286133,0.23333333333333334,,,,,,,,,,,,,,,,,,,,
3,STTC,3,60.0,0.381008805,0.45764008,0.40933808,0.9065340331475376,0.5833333333333334,0.4808419942855835,0.5173544883728027,0.31666666666666665,,,,,,,,,,,,,,,,,,,,
3,STTC,4,61.0,0.45764008,1.0013747,0.6239846,0.7752467219919269,0.6229508196721312,0.5417354106903076,0.6160196661949158,0.29508196721311475,,,,,,,,,,,,,,,,,,,,
3,CD,1,46.0,0.22787888,0.36327954,0.31154798,0.9384682674694316,0.5652173913043478,0.5496746301651001,0.5543742179870605,0.391304347826087,,,,,,,,,,,,,,,,,,,,
3,CD,2,46.0,0.36327954,0.42626901500000003,0.390490295,0.9135024391487985,0.45652173913043476,0.42215901613235474,0.2930809557437897,0.41304347826086957,,,,,,,,,,,,,,,,,,,,
3,CD,3,46.0,0.42626901500000003,0.587146625,0.460758465,0.8859139067586425,0.5652173913043478,0.5434631705284119,0.4782169759273529,0.3695652173913043,,,,,,,,,,,,,,,,,,,,
3,CD,4,46.0,0.587146625,0.9765665,0.70750845,0.7054000999194052,0.782608695652174,0.7649939060211182,0.9886237382888794,0.15217391304347827,,,,,,,,,,,,,,,,,,,,
4,NORM,1,228.0,0.19990177,0.32726770250000004,0.30311589,0.948697567214055,0.9517543859649122,0.8499696850776672,0.9162540435791016,0.9517543859649122,,,,,,,,,,,,,,,,,,,,
4,NORM,2,228.0,0.32726770250000004,0.365888475,0.346978785,0.9348871176141804,0.9605263157894737,0.8591613173484802,0.9393540620803833,0.9605263157894737,,,,,,,,,,,,,,,,,,,,
4,NORM,3,228.0,0.365888475,0.4112064725,0.38246937000000003,0.9208224044144275,0.9429824561403509,0.8483039736747742,0.9328722953796387,0.9429824561403509,,,,,,,,,,,,,,,,,,,,
4,NORM,4,228.0,0.4112064725,0.96080655,0.476561845,0.8813150494165691,0.8903508771929824,0.7807561755180359,0.8677867650985718,0.8903508771929824,,,,,,,,,,,,,,,,,,,,
4,MI,1,64.0,0.23868313,0.34778586,0.322008595,0.9428766156894008,0.390625,0.37873512506484985,0.3080666959285736,0.5625,,,,,,,,,,,,,,,,,,,,
4,MI,2,64.0,0.34778586,0.412094385,0.374160375,0.9178127283296366,0.4375,0.4026568830013275,0.3306935429573059,0.453125,,,,,,,,,,,,,,,,,,,,
4,MI,3,64.0,0.412094385,0.50788404,0.446133015,0.8826026716910969,0.546875,0.49497270584106445,0.43582475185394287,0.328125,,,,,,,,,,,,,,,,,,,,
4,MI,4,64.0,0.50788404,0.9709146,0.6682466,0.7380791107836461,0.625,0.5313582420349121,0.5291659832000732,0.140625,,,,,,,,,,,,,,,,,,,,
4,STTC,1,61.0,0.21840821,0.33151181750000003,0.29692137,0.9482698424104886,0.7213114754098361,0.5977165102958679,0.6670290231704712,0.22950819672131148,,,,,,,,,,,,,,,,,,,,
4,STTC,2,60.0,0.33151181750000003,0.382172125,0.35206997,0.9280770454379808,0.6166666666666667,0.5589893460273743,0.6547812819480896,0.2833333333333333,,,,,,,,,,,,,,,,,,,,
4,STTC,3,60.0,0.382172125,0.4637818875,0.4128636,0.9133844628973786,0.6166666666666667,0.5269681215286255,0.5483930110931396,0.2833333333333333,,,,,,,,,,,,,,,,,,,,
4,STTC,4,61.0,0.4637818875,0.9491275,0.6308046,0.801180414550311,0.6229508196721312,0.5465964078903198,0.6657944917678833,0.3114754098360656,,,,,,,,,,,,,,,,,,,,
4,CD,1,46.0,0.20878868,0.3529401025,0.31815963999999997,0.9357435372479217,0.5434782608695652,0.5817758440971375,0.6790446043014526,0.41304347826086957,,,,,,,,,,,,,,,,,,,,
4,CD,2,46.0,0.3529401025,0.420722735,0.39195937999999997,0.9149331248242001,0.5,0.46802178025245667,0.3734703063964844,0.43478260869565216,,,,,,,,,,,,,,,,,,,,
4,CD,3,46.0,0.420722735,0.497918505,0.45713203,0.8920915317825242,0.5652173913043478,0.5137345790863037,0.4586559534072876,0.30434782608695654,,,,,,,,,,,,,,,,,,,,
4,CD,4,46.0,0.497918505,0.9808811,0.6894178950000001,0.715545708071589,0.6739130434782609,0.670936644077301,0.9806451201438904,0.2608695652173913,,,,,,,,,,,,,,,,,,,,
MEAN_5SEED,CD,1,,,,,,,,,,0.933435002552708,0.004644411022514742,0.3565217391304348,0.04237736671656071,0.588389766216278,0.02540040871229647,0.7386613726615906,0.12852260161588783,46.0,0.0,0.361722182,0.007343799896746956,0.22750650600000002,0.01309666853769996,0.317849461,0.005226773918941765,1.0,0.0,0.6,0.04507922033332113
MEAN_5SEED,CD,2,,,,,,,,,,0.9119645478810376,0.004482123724939212,0.44782608695652176,0.03949109157518468,0.4318073630332947,0.025035390084545018,0.2944411873817444,0.06915465439294805,46.0,0.0,0.42803242199999997,0.009935239262214936,0.361722182,0.007343799896746956,0.395690895,0.007824330587240358,2.0,0.0,0.4391304347826087,0.041816052307981175
MEAN_5SEED,CD,3,,,,,,,,,,0.8874158214752619,0.009190327443791882,0.3782608695652174,0.04507922033332112,0.5291537404060364,0.01848355365873805,0.5525933802127838,0.10957812536776759,46.0,0.0,0.546427456,0.04925519072945867,0.42803242199999997,0.009935239262214936,0.465394674,0.012599368646421057,3.0,0.0,0.5565217391304348,0.01190701211967749
MEAN_5SEED,CD,4,,,,,,,,,,0.706325357608194,0.00676557607529056,0.19130434782608696,0.047129311714519125,0.7160688757896423,0.04534970423709414,0.9830730199813843,0.010644088734905905,46.0,0.0,1.0052421,0.02554520403050244,0.546427456,0.04925519072945867,0.700417866,0.009874968303417104,4.0,0.0,0.7391304347826086,0.04347826086956525
MEAN_5SEED,MI,1,,,,,,,,,,0.9397401135645176,0.003466917326223504,0.546875,0.01913663861549357,0.3730484366416931,0.018507983444781925,0.26852431893348694,0.0356818702864654,64.0,0.0,0.352051321,0.009314785050277342,0.246543014,0.00880187790162303,0.325786818,0.00816477998586812,1.0,0.0,0.375,0.019136638615493584
MEAN_5SEED,MI,2,,,,,,,,,,0.9165562016441331,0.004605758980907661,0.5125,0.03563048203434805,0.39411242604255675,0.014133026609729754,0.30380216240882874,0.028275060388145146,64.0,0.0,0.41741945999999996,0.011149943459883007,0.352051321,0.009314785050277342,0.379610357,0.009093433165118146,2.0,0.0,0.40625,0.03983608994994363
MEAN_5SEED,MI,3,,,,,,,,,,0.8831411410788459,0.008807925376202091,0.3625,0.025674494883054656,0.46808363795280455,0.022036144269820628,0.41182910203933715,0.028983951704512432,64.0,0.0,0.51370767,0.014356166175458897,0.41741945999999996,0.011149943459883007,0.455686971,0.011332840250261845,3.0,0.0,0.4875,0.06091746465505603
MEAN_5SEED,MI,4,,,,,,,,,,0.7359577892320001,0.005723873437284743,0.15625,0.04687500000000001,0.540910518169403,0.013668025667952832,0.5357401371002197,0.04335812200856536,64.0,0.0,0.9812581659999999,0.032926579266115405,0.51370767,0.014356166175458897,0.6703808880000001,0.005961191709026789,4.0,0.0,0.634375,0.054798993489844315
MEAN_5SEED,NORM,1,,,,,,,,,,0.9461935223953752,0.003999502839020158,0.9543859649122807,0.007339123039772553,0.8478924393653869,0.004762519541122088,0.9148070335388183,0.0038418877804499013,228.0,0.0,0.334165081,0.011722982782037941,0.215698004,0.01611533110077884,0.31351319699999997,0.01236883322816948,1.0,0.0,0.9543859649122807,0.007339123039772553
MEAN_5SEED,NORM,2,,,,,,,,,,0.9326403055398357,0.0035671595483405725,0.9456140350877194,0.013375395335067423,0.8514201998710632,0.008100590885592993,0.9269097566604614,0.009591467032134239,228.0,0.0,0.373121398,0.010696666400610264,0.334165081,0.011722982782037941,0.354338169,0.010721217304432724,2.0,0.0,0.9456140350877194,0.013375395335067423
MEAN_5SEED,NORM,3,,,,,,,,,,0.9185360434418135,0.003768576620559237,0.9640350877192982,0.015002308224988674,0.8639605641365051,0.011748015749414519,0.9315384030342102,0.010254440012311572,228.0,0.0,0.41948259849999997,0.010855570839149647,0.373121398,0.010696666400610264,0.392399803,0.01173417384183191,3.0,0.0,0.9640350877192982,0.015002308224988674
MEAN_5SEED,NORM,4,,,,,,,,,,0.8807003502346561,0.005826111626635229,0.8894736842105264,0.02508066395701016,0.76508549451828,0.010449500732878704,0.8496940970420838,0.014191383779445458,228.0,0.0,0.966781568,0.018151862026424933,0.41948259849999997,0.010855570839149647,0.478685864,0.010363391285900598,4.0,0.0,0.8894736842105264,0.02508066395701016
MEAN_5SEED,STTC,1,,,,,,,,,,0.9457662037725421,0.0039405201025931175,0.2360655737704918,0.04722905013405879,0.580720841884613,0.031907964333746416,0.6452391982078552,0.033573065115376624,61.0,0.0,0.335195228,0.011239993924915136,0.217757598,0.011900370655978331,0.301736176,0.011902739117414508,1.0,0.0,0.6983606557377049,0.05978551648790314
MEAN_5SEED,STTC,2,,,,,,,,,,0.9283072791950401,0.0037584569253064385,0.26,0.030276503540974914,0.5632387399673462,0.0234617558644499,0.6242012858390809,0.060997377429668584,60.0,0.0,0.385288218,0.010054055904688173,0.335195228,0.011239993924915136,0.35831936,0.010468757281164597,2.0,0.0,0.6533333333333333,0.02981423969999719
MEAN_5SEED,STTC,3,,,,,,,,,,0.9084103525066837,0.00516818905909565,0.30666666666666664,0.04944132324730443,0.5049896836280823,0.020672337407675594,0.5286017954349518,0.04164809639419299,60.0,0.0,0.46370245600000004,0.010542901238179532,0.385288218,0.010054055904688173,0.417229997,0.01062485287291109,3.0,0.0,0.6,0.03333333333333333
MEAN_5SEED,STTC,4,,,,,,,,,,0.7838152111468292,0.012226619919696724,0.3147540983606557,0.031533416494543186,0.5271131813526153,0.02514569622166248,0.6195392608642578,0.0395457808730819,61.0,0.0,0.9745158,0.04285339358160561,0.46370245600000004,0.010542901238179532,0.629814672,0.006157138280883377,4.0,0.0,0.6,0.024861886701808413
