test,seed,variant,n_features,note,macro_auroc,macro_auprc,macro_f1,balanced_accuracy,recall_NORM,recall_MI,recall_STTC,recall_CD,auroc_NORM,auroc_MI,auroc_STTC,auroc_CD,MI_to_NORM,MI_support,metric,difference,ci_lo,ci_hi,crosses_zero,bootstrap_unit,n_boot
T1_variant,42,C5,71.0,locked submitted model (47 theta + 16 rep + 6 ST_projected + 2 stab),0.9014108235762696,0.7759464655044654,0.695127920842443,0.6542215786459613,0.9342105263157896,0.48828125,0.6074380165289256,0.5869565217391305,0.8994395354221331,0.8770290312032885,0.9302655386571472,0.89890918902251,97.0,256.0,,,,,,,
T1_variant,42,C5_obs,71.0,oracle: the 6 reconstruction-ECG descriptors in C5 swapped for obs_ twins,0.9045354610899506,0.7796523038861206,0.7126855208895004,0.6726540719401473,0.9385964912280702,0.50390625,0.6611570247933884,0.5869565217391305,0.9044059011164276,0.8799630979073244,0.936968189153504,0.896804656182547,93.0,256.0,,,,,,,
T1_variant,42,C5_drop,65.0,the same 6 descriptors deleted (no replacement),0.9012191362243216,0.7759236520032904,0.7048168574147504,0.6622773096939596,0.9407894736842104,0.49609375,0.6198347107438017,0.592391304347826,0.8983124967844832,0.8763604727204783,0.9310785368477676,0.8991250385445575,96.0,256.0,,,,,,,
T1_variant,42,REC37_only,37.0,"descriptor-only head, 37 reconstruction-domain descriptors",0.8523888494210313,0.6825244127187995,0.6230798569189734,0.5840243779195113,0.9375,0.328125,0.5867768595041323,0.483695652173913,0.8623630189844113,0.7870217909192825,0.9116429898772556,0.848527597903176,127.0,256.0,,,,,,,
T1_variant,42,OBS37_only,37.0,"descriptor-only head, the 37 observation-domain twins",0.8413598866412461,0.6703282541187523,0.6222006879972493,0.5878492861873625,0.9385964912280702,0.30078125,0.6446280991735537,0.4673913043478261,0.8604112002881102,0.7600838471599403,0.9166951929189692,0.8282493061979648,132.0,256.0,,,,,,,
T1_variant,42,C5_plus_OBS37,108.0,"supplementary, NOT dimension-matched: C5 augmented with all 37 obs twins",0.9067786415654736,0.7877957760384976,0.7259995883620911,0.6839066752695722,0.9418859649122808,0.51953125,0.6818181818181818,0.592391304347826,0.9069558059371302,0.8781063153961135,0.9391962932172722,0.9028561517113782,97.0,256.0,,,,,,,
T1_paired_delta,42,C5_obs_minus_C5,,,,,,,,,,,,,,,,,macro_auroc,0.0031246375136809,-2.128021439767844e-06,0.006119347020656,True,patient,1000.0
T1_paired_delta,42,C5_obs_minus_C5,,,,,,,,,,,,,,,,,balanced_accuracy,0.0184324932941859,0.0050277637162437,0.0325506534973866,False,patient,1000.0
T1_paired_delta,42,C5_obs_minus_C5,,,,,,,,,,,,,,,,,macro_f1,0.0175576000470574,0.0034196973294659,0.0327560575588215,False,patient,1000.0
T1_paired_delta,42,C5_drop_minus_C5,,,,,,,,,,,,,,,,,macro_auroc,-0.000191687351948,-0.0029454780880845,0.0024802340096029,True,patient,1000.0
T1_paired_delta,42,C5_drop_minus_C5,,,,,,,,,,,,,,,,,balanced_accuracy,0.0080557310479982,-0.0056427615123695,0.0211474044894346,True,patient,1000.0
T1_paired_delta,42,C5_drop_minus_C5,,,,,,,,,,,,,,,,,macro_f1,0.0096889365723074,-0.0038512150740708,0.0221649507318208,True,patient,1000.0
T1_paired_delta,42,OBS37_only_minus_REC37_only,,,,,,,,,,,,,,,,,macro_auroc,-0.0110289627797852,-0.0232909210260659,0.0026274464982386,True,patient,1000.0
T1_paired_delta,42,OBS37_only_minus_REC37_only,,,,,,,,,,,,,,,,,balanced_accuracy,0.0038249082678512,-0.0182078306916851,0.0274020435646117,True,patient,1000.0
T1_paired_delta,42,OBS37_only_minus_REC37_only,,,,,,,,,,,,,,,,,macro_f1,-0.0008791689217241,-0.0234789917729599,0.024253478983481,True,patient,1000.0
T1_paired_delta,42,C5_plus_OBS37_minus_C5,,,,,,,,,,,,,,,,,macro_auroc,0.0053678179892038,0.0009007833706744,0.0101305090285897,False,patient,1000.0
T1_paired_delta,42,C5_plus_OBS37_minus_C5,,,,,,,,,,,,,,,,,balanced_accuracy,0.0296850966236108,0.015387016069547,0.0452333055993276,False,patient,1000.0
T1_paired_delta,42,C5_plus_OBS37_minus_C5,,,,,,,,,,,,,,,,,macro_f1,0.030871667519648,0.0154631652961567,0.0480900074100502,False,patient,1000.0
T1_variant,1,C5,71.0,locked submitted model (47 theta + 16 rep + 6 ST_projected + 2 stab),0.902341113552184,0.7724664725089414,0.6927706906782376,0.6541286694337015,0.9298245614035088,0.44140625,0.6528925619834711,0.592391304347826,0.8976058869681535,0.8888032511210762,0.9305100493911682,0.892445266728338,107.0,256.0,,,,,,,
T1_variant,1,C5_obs,71.0,oracle: the 6 reconstruction-ECG descriptors in C5 swapped for obs_ twins,0.9069791117048376,0.7796295715040816,0.6923880243924505,0.6577844425506364,0.930921052631579,0.421875,0.6859504132231405,0.592391304347826,0.9051310001543448,0.890963658445441,0.9385208323145386,0.8933009559050262,108.0,256.0,,,,,,,
T1_variant,1,C5_drop,65.0,the same 6 descriptors deleted (no replacement),0.9052796201722664,0.777984182777729,0.6871507381378897,0.6470321342750629,0.9375,0.42578125,0.6487603305785123,0.5760869565217391,0.9014202937696146,0.8928817498131539,0.9324477969582864,0.894368640148011,108.0,256.0,,,,,,,
T1_variant,1,REC37_only,37.0,"descriptor-only head, 37 reconstruction-domain descriptors",0.8537163388024972,0.6841785321400494,0.6274707422668819,0.5904989224698356,0.9210526315789472,0.35546875,0.5909090909090909,0.4945652173913043,0.8624707387971395,0.7915878409940209,0.9119669665998336,0.8488398088189947,117.0,256.0,,,,,,,
T1_variant,1,OBS37_only,37.0,"descriptor-only head, the 37 observation-domain twins",0.8427515950681685,0.6720587365432348,0.6252043234795935,0.5908354690386022,0.9385964912280702,0.30859375,0.6487603305785123,0.4673913043478261,0.8624128594947781,0.7640601644245142,0.9182845126901072,0.8262488436632747,129.0,256.0,,,,,,,
T1_variant,1,C5_plus_OBS37,108.0,"supplementary, NOT dimension-matched: C5 augmented with all 37 obs twins",0.9112119993599216,0.7876035746853746,0.7050705878342269,0.667886921928879,0.9364035087719298,0.46875,0.7066115702479339,0.5597826086956522,0.9097934995112412,0.8919562780269059,0.9404463543449556,0.9026518655565834,102.0,256.0,,,,,,,
T1_paired_delta,1,C5_obs_minus_C5,,,,,,,,,,,,,,,,,macro_auroc,0.0046379981526536,0.0016018770638393,0.0075223860130921,False,patient,1000.0
T1_paired_delta,1,C5_obs_minus_C5,,,,,,,,,,,,,,,,,balanced_accuracy,0.0036557731169348,-0.0091067647295377,0.0163766703715804,True,patient,1000.0
T1_paired_delta,1,C5_obs_minus_C5,,,,,,,,,,,,,,,,,macro_f1,-0.000382666285787,-0.0139666092965696,0.0144761091163762,True,patient,1000.0
T1_paired_delta,1,C5_drop_minus_C5,,,,,,,,,,,,,,,,,macro_auroc,0.0029385066200824,0.0005237137243926,0.0054265739243479,False,patient,1000.0
T1_paired_delta,1,C5_drop_minus_C5,,,,,,,,,,,,,,,,,balanced_accuracy,-0.0070965351586386,-0.0192525432515868,0.0051716444556927,True,patient,1000.0
T1_paired_delta,1,C5_drop_minus_C5,,,,,,,,,,,,,,,,,macro_f1,-0.0056199525403478,-0.0192783251358254,0.0081407046834765,True,patient,1000.0
T1_paired_delta,1,OBS37_only_minus_REC37_only,,,,,,,,,,,,,,,,,macro_auroc,-0.0109647437343286,-0.0230474516609982,0.0012046687994555,True,patient,1000.0
T1_paired_delta,1,OBS37_only_minus_REC37_only,,,,,,,,,,,,,,,,,balanced_accuracy,0.0003365465687665,-0.0197446525569924,0.0206293856238665,True,patient,1000.0
T1_paired_delta,1,OBS37_only_minus_REC37_only,,,,,,,,,,,,,,,,,macro_f1,-0.0022664187872883,-0.0255548000149265,0.0201664961539606,True,patient,1000.0
T1_paired_delta,1,C5_plus_OBS37_minus_C5,,,,,,,,,,,,,,,,,macro_auroc,0.0088708858077375,0.0044890468697563,0.0137295916855515,False,patient,1000.0
T1_paired_delta,1,C5_plus_OBS37_minus_C5,,,,,,,,,,,,,,,,,balanced_accuracy,0.0137582524951774,-0.0027015952786331,0.0308235813449791,True,patient,1000.0
T1_paired_delta,1,C5_plus_OBS37_minus_C5,,,,,,,,,,,,,,,,,macro_f1,0.0122998971559893,-0.0043249158100949,0.0296771111922137,True,patient,1000.0
T1_variant,2,C5,71.0,locked submitted model (47 theta + 16 rep + 6 ST_projected + 2 stab),0.899511295720343,0.7783804243874414,0.7175228575539929,0.6691916216427589,0.9484649122807016,0.51171875,0.640495867768595,0.5760869565217391,0.8962175875906777,0.8826752849402093,0.9345200254291164,0.8846322849213689,102.0,256.0,,,,,,,
T1_variant,2,C5_obs,71.0,oracle: the 6 reconstruction-ECG descriptors in C5 swapped for obs_ twins,0.9036429376921612,0.7840151117041276,0.7207506935616657,0.6765187676608765,0.9418859649122808,0.51171875,0.6818181818181818,0.5706521739130435,0.9011759144929772,0.8873405969730943,0.9413265929874322,0.8847286463151403,102.0,256.0,,,,,,,
T1_variant,2,C5_drop,65.0,the same 6 descriptors deleted (no replacement),0.8993399412952641,0.7758678218127958,0.7121766290095015,0.6661782284338338,0.9396929824561404,0.51953125,0.6239669421487604,0.5815217391304348,0.8965150228944796,0.8824621636771299,0.9333494302899896,0.8850331483194572,98.0,256.0,,,,,,,
T1_variant,2,REC37_only,37.0,"descriptor-only head, 37 reconstruction-domain descriptors",0.8460823436834025,0.6726596458706707,0.6314912153564328,0.5942060936130864,0.9418859649122808,0.31640625,0.6239669421487604,0.4945652173913043,0.8562020887997119,0.7727193105381166,0.911474888747616,0.8439330866481652,123.0,256.0,,,,,,,
T1_variant,2,OBS37_only,37.0,"descriptor-only head, the 37 observation-domain twins",0.8430704860014773,0.6740842446216117,0.6273249738766979,0.5942652607505784,0.9396929824561404,0.3046875,0.6652892561983471,0.4673913043478261,0.8605912692287904,0.7659665779147982,0.9177099124651572,0.8280141843971631,130.0,256.0,,,,,,,
T1_variant,2,C5_plus_OBS37,108.0,"supplementary, NOT dimension-matched: C5 augmented with all 37 obs twins",0.9093551862798496,0.7949038758087084,0.7230422203042924,0.6797840536764567,0.944078947368421,0.515625,0.6942148760330579,0.5652173913043478,0.9066503318413336,0.8840999859865469,0.9421915497090322,0.9044788775824852,98.0,256.0,,,,,,,
T1_paired_delta,2,C5_obs_minus_C5,,,,,,,,,,,,,,,,,macro_auroc,0.004131641971818,0.0010178611719335,0.0070233758991993,False,patient,1000.0
T1_paired_delta,2,C5_obs_minus_C5,,,,,,,,,,,,,,,,,balanced_accuracy,0.0073271460181175,-0.0056941106231588,0.0198608609073739,True,patient,1000.0
T1_paired_delta,2,C5_obs_minus_C5,,,,,,,,,,,,,,,,,macro_f1,0.0032278360076727,-0.0099144390556027,0.0156329265544624,True,patient,1000.0
T1_paired_delta,2,C5_drop_minus_C5,,,,,,,,,,,,,,,,,macro_auroc,-0.0001713544250789,-0.0028752280795397,0.0024637396577978,True,patient,1000.0
T1_paired_delta,2,C5_drop_minus_C5,,,,,,,,,,,,,,,,,balanced_accuracy,-0.0030133932089251,-0.0132914875041881,0.0077246548651521,True,patient,1000.0
T1_paired_delta,2,C5_drop_minus_C5,,,,,,,,,,,,,,,,,macro_f1,-0.0053462285444914,-0.0161284263869072,0.0054050287734947,True,patient,1000.0
T1_paired_delta,2,OBS37_only_minus_REC37_only,,,,,,,,,,,,,,,,,macro_auroc,-0.0030118576819252,-0.0149550500197904,0.0095954491920084,True,patient,1000.0
T1_paired_delta,2,OBS37_only_minus_REC37_only,,,,,,,,,,,,,,,,,balanced_accuracy,5.916713749198888e-05,-0.0224697250104654,0.0229266251797531,True,patient,1000.0
T1_paired_delta,2,OBS37_only_minus_REC37_only,,,,,,,,,,,,,,,,,macro_f1,-0.0041662414797348,-0.0278126492333394,0.0211211589971763,True,patient,1000.0
T1_paired_delta,2,C5_plus_OBS37_minus_C5,,,,,,,,,,,,,,,,,macro_auroc,0.0098438905595064,0.0052405553583073,0.0149768952401768,False,patient,1000.0
T1_paired_delta,2,C5_plus_OBS37_minus_C5,,,,,,,,,,,,,,,,,balanced_accuracy,0.0105924320336977,-0.004382600477338,0.0256093666782522,True,patient,1000.0
T1_paired_delta,2,C5_plus_OBS37_minus_C5,,,,,,,,,,,,,,,,,macro_f1,0.0055193627502995,-0.0092071724306438,0.0209335155850715,True,patient,1000.0
T1_variant,3,C5,71.0,locked submitted model (47 theta + 16 rep + 6 ST_projected + 2 stab),0.8951280230925194,0.7665618157109535,0.6955319673624183,0.6543754649154327,0.9429824561403508,0.4375,0.6446280991735537,0.592391304347826,0.8963172686114114,0.8681655222346787,0.930286933346374,0.8857423681776133,104.0,256.0,,,,,,,
T1_variant,3,C5_obs,71.0,oracle: the 6 reconstruction-ECG descriptors in C5 swapped for obs_ twins,0.899956485756656,0.7744225065669728,0.7071248169863176,0.6679098537348469,0.944078947368421,0.44921875,0.6859504132231405,0.592391304347826,0.9021823712507074,0.873070230754858,0.9382335322020636,0.8863398088189948,105.0,256.0,,,,,,,
T1_variant,3,C5_drop,65.0,the same 6 descriptors deleted (no replacement),0.896181258470257,0.763012609801388,0.6926354895104895,0.6520863904970498,0.9407894736842104,0.44140625,0.6446280991735537,0.5815217391304348,0.8987755312033749,0.8658620609118086,0.927927404763069,0.8921600370027751,101.0,256.0,,,,,,,
T1_variant,3,REC37_only,37.0,"descriptor-only head, 37 reconstruction-domain descriptors",0.8480744576155604,0.6821839675935637,0.6319527699935102,0.5946344104990513,0.9396929824561404,0.3203125,0.6239669421487604,0.4945652173913043,0.8556168647425014,0.7767189835575484,0.9174164995843318,0.8425454825778601,127.0,256.0,,,,,,,
T1_variant,3,OBS37_only,37.0,"descriptor-only head, the 37 observation-domain twins",0.8420018954506242,0.6730866038194738,0.6252290026134324,0.5926839572853037,0.9375,0.3046875,0.6611570247933884,0.4673913043478261,0.860886292894994,0.7647958707025411,0.9176029390190228,0.8247224791859388,129.0,256.0,,,,,,,
T1_variant,3,C5_plus_OBS37,108.0,"supplementary, NOT dimension-matched: C5 augmented with all 37 obs twins",0.9039211226327027,0.7816262854546602,0.7125610136933866,0.6756798944957164,0.944078947368421,0.453125,0.6859504132231405,0.6195652173913043,0.9044107243916242,0.8701303251121076,0.9386033546872709,0.9025400863398088,103.0,256.0,,,,,,,
T1_paired_delta,3,C5_obs_minus_C5,,,,,,,,,,,,,,,,,macro_auroc,0.0048284626641366,0.0019037488840293,0.0080289385794097,False,patient,1000.0
T1_paired_delta,3,C5_obs_minus_C5,,,,,,,,,,,,,,,,,balanced_accuracy,0.0135343888194141,8.744255596317981e-05,0.0271569880029523,False,patient,1000.0
T1_paired_delta,3,C5_obs_minus_C5,,,,,,,,,,,,,,,,,macro_f1,0.0115928496238992,-0.0024577756358553,0.0256606502136354,True,patient,1000.0
T1_paired_delta,3,C5_drop_minus_C5,,,,,,,,,,,,,,,,,macro_auroc,0.0010532353777376,-0.0013197862530778,0.0036921209671027,True,patient,1000.0
T1_paired_delta,3,C5_drop_minus_C5,,,,,,,,,,,,,,,,,balanced_accuracy,-0.0022890744183829,-0.0140658940772774,0.0087231086810998,True,patient,1000.0
T1_paired_delta,3,C5_drop_minus_C5,,,,,,,,,,,,,,,,,macro_f1,-0.0028964778519288,-0.0156813309743758,0.0083583449718408,True,patient,1000.0
T1_paired_delta,3,OBS37_only_minus_REC37_only,,,,,,,,,,,,,,,,,macro_auroc,-0.0060725621649362,-0.0190609782513326,0.0061702362649061,True,patient,1000.0
T1_paired_delta,3,OBS37_only_minus_REC37_only,,,,,,,,,,,,,,,,,balanced_accuracy,-0.0019504532137476,-0.0232704220383202,0.0185355888479144,True,patient,1000.0
T1_paired_delta,3,OBS37_only_minus_REC37_only,,,,,,,,,,,,,,,,,macro_f1,-0.0067237673800778,-0.0328016983186012,0.0177754180649117,True,patient,1000.0
T1_paired_delta,3,C5_plus_OBS37_minus_C5,,,,,,,,,,,,,,,,,macro_auroc,0.0087930995401834,0.0043517567448302,0.0138061192195626,False,patient,1000.0
T1_paired_delta,3,C5_plus_OBS37_minus_C5,,,,,,,,,,,,,,,,,balanced_accuracy,0.0213044295802836,0.0066924966243834,0.0346140240329503,False,patient,1000.0
T1_paired_delta,3,C5_plus_OBS37_minus_C5,,,,,,,,,,,,,,,,,macro_f1,0.0170290463309683,0.0005716274328152,0.0320559992374954,False,patient,1000.0
T1_variant,4,C5,71.0,locked submitted model (47 theta + 16 rep + 6 ST_projected + 2 stab),0.9019863524773204,0.773211410871909,0.7038151707862634,0.6629209454646318,0.9364035087719298,0.5,0.6446280991735537,0.5706521739130435,0.9012209317281472,0.8820972300074739,0.9351190767274684,0.8895081714461918,95.0,256.0,,,,,,,
T1_variant,4,C5_obs,71.0,oracle: the 6 reconstruction-ECG descriptors in C5 swapped for obs_ twins,0.9064415651045252,0.7783875911661208,0.7051971537595314,0.6649439001223751,0.9364035087719298,0.48046875,0.6776859504132231,0.5652173913043478,0.906639077532541,0.8883857670029895,0.9395141571715,0.8912272587110701,102.0,256.0,,,,,,,
T1_variant,4,C5_drop,65.0,the same 6 descriptors deleted (no replacement),0.9018453095191185,0.7726722052273045,0.6980379627920372,0.65505390778166,0.9396929824561404,0.48046875,0.6239669421487604,0.5760869565217391,0.9007595050676545,0.883889784192825,0.9336092229448874,0.889122725871107,98.0,256.0,,,,,,,
T1_variant,4,REC37_only,37.0,"descriptor-only head, 37 reconstruction-domain descriptors",0.8538869535976702,0.6866546192893261,0.6351997935383398,0.5969918986515876,0.9473684210526316,0.3125,0.628099173553719,0.5,0.8628935792560581,0.7891179699177877,0.913987236539684,0.8495490286771509,124.0,256.0,,,,,,,
T1_variant,4,OBS37_only,37.0,"descriptor-only head, the 37 observation-domain twins",0.842505873823602,0.669166103959514,0.6233943758972098,0.5899566052663099,0.9353070175438596,0.3125,0.6446280991735537,0.4673913043478261,0.8610205407213047,0.764127312219731,0.9174164995843316,0.8274591427690409,129.0,256.0,,,,,,,
T1_variant,4,C5_plus_OBS37,108.0,"supplementary, NOT dimension-matched: C5 augmented with all 37 obs twins",0.9098856936434034,0.7860634909527054,0.7087215786460092,0.66793168973908,0.9396929824561404,0.5,0.6776859504132231,0.5543478260869565,0.9095217883418222,0.8853436799327353,0.9406725267739252,0.9040047795251313,96.0,256.0,,,,,,,
T1_paired_delta,4,C5_obs_minus_C5,,,,,,,,,,,,,,,,,macro_auroc,0.0044552126272048,0.0014423841632302,0.0076510001011679,False,patient,1000.0
T1_paired_delta,4,C5_obs_minus_C5,,,,,,,,,,,,,,,,,balanced_accuracy,0.0020229546577433,-0.0108407153674218,0.0149319933136394,True,patient,1000.0
T1_paired_delta,4,C5_obs_minus_C5,,,,,,,,,,,,,,,,,macro_f1,0.0013819829732679,-0.0115462968798839,0.0142587811852308,True,patient,1000.0
T1_paired_delta,4,C5_drop_minus_C5,,,,,,,,,,,,,,,,,macro_auroc,-0.0001410429582019,-0.0026173739326168,0.0022969840860421,True,patient,1000.0
T1_paired_delta,4,C5_drop_minus_C5,,,,,,,,,,,,,,,,,balanced_accuracy,-0.0078670376829718,-0.018512736705501,0.0029467044423718,True,patient,1000.0
T1_paired_delta,4,C5_drop_minus_C5,,,,,,,,,,,,,,,,,macro_f1,-0.0057772079942262,-0.0172555220682942,0.0061919916192548,True,patient,1000.0
T1_paired_delta,4,OBS37_only_minus_REC37_only,,,,,,,,,,,,,,,,,macro_auroc,-0.0113810797740682,-0.0239531093193735,0.0025969596464952,True,patient,1000.0
T1_paired_delta,4,OBS37_only_minus_REC37_only,,,,,,,,,,,,,,,,,balanced_accuracy,-0.0070352933852777,-0.0284914367959239,0.0137049182406667,True,patient,1000.0
T1_paired_delta,4,OBS37_only_minus_REC37_only,,,,,,,,,,,,,,,,,macro_f1,-0.0118054176411299,-0.0362873820959706,0.0121372131410325,True,patient,1000.0
T1_paired_delta,4,C5_plus_OBS37_minus_C5,,,,,,,,,,,,,,,,,macro_auroc,0.0078993411660831,0.0036851252909912,0.012655725304612,False,patient,1000.0
T1_paired_delta,4,C5_plus_OBS37_minus_C5,,,,,,,,,,,,,,,,,balanced_accuracy,0.0050107442744482,-0.0107581810619751,0.0208944826087157,True,patient,1000.0
T1_paired_delta,4,C5_plus_OBS37_minus_C5,,,,,,,,,,,,,,,,,macro_f1,0.0049064078597457,-0.0117378839033374,0.021081667657446,True,patient,1000.0
T1b_variant,42,C5,71.0,control,0.9014108235762697,,0.695127920842443,0.6542215786459613,0.9342105263157895,0.48828125,0.6074380165289256,0.5869565217391305,,,,,97.0,,,,,,,,
T1b_variant,42,C5_obsA,71.0,only the 4 FAITHFULLY reconstructed descriptors (r .82-.95) swapped to obs,0.9017681302851154,,0.699881644929829,0.6565687551810491,0.9396929824561403,0.4921875,0.6074380165289256,0.5869565217391305,,,,,97.0,,,,,,,,
T1b_variant,42,C5_obsC,71.0,only the 2 NOT-RECOVERED descriptors (r .27-.37) swapped to obs,0.9032820018137118,,0.7139044763489797,0.6750046220670929,0.9418859649122807,0.4921875,0.6735537190082644,0.592391304347826,,,,,94.0,,,,,,,,
T1b_paired_delta,42,C5_obsA_minus_C5,,,,,,,,,,,,,,,,,macro_auroc,0.00035730670884570603,-0.0016051687441493352,0.0023629127088500845,True,patient,1000.0
T1b_paired_delta,42,C5_obsC_minus_C5,,,,,,,,,,,,,,,,,macro_auroc,0.0018711782374420949,-0.0010583790261438574,0.004969722978765128,True,patient,1000.0
T1b_variant,1,C5,71.0,control,0.902341113552184,,0.6927706906782376,0.6541286694337015,0.9298245614035088,0.44140625,0.6528925619834711,0.592391304347826,,,,,107.0,,,,,,,,
T1b_variant,1,C5_obsA,71.0,only the 4 FAITHFULLY reconstructed descriptors (r .82-.95) swapped to obs,0.9051154740054503,,0.6927203384486857,0.651702299676608,0.9375,0.4375,0.6611570247933884,0.5706521739130435,,,,,109.0,,,,,,,,
T1b_variant,1,C5_obsC,71.0,only the 2 NOT-RECOVERED descriptors (r .27-.37) swapped to obs,0.9057289992860775,,0.6962913838229683,0.6600751237344844,0.9364035087719298,0.4296875,0.6818181818181818,0.592391304347826,,,,,107.0,,,,,,,,
T1b_paired_delta,1,C5_obsA_minus_C5,,,,,,,,,,,,,,,,,macro_auroc,0.002774360453266289,0.0005887064029992784,0.0049588590778009535,False,patient,1000.0
T1b_paired_delta,1,C5_obsC_minus_C5,,,,,,,,,,,,,,,,,macro_auroc,0.003387885733893481,0.0006333532287952832,0.006087751772906029,False,patient,1000.0
T1b_variant,2,C5,71.0,control,0.899511295720343,,0.7175228575539929,0.6691916216427589,0.9484649122807017,0.51171875,0.640495867768595,0.5760869565217391,,,,,102.0,,,,,,,,
T1b_variant,2,C5_obsA,71.0,only the 4 FAITHFULLY reconstructed descriptors (r .82-.95) swapped to obs,0.9015670766011866,,0.7108844985961678,0.6657632458543727,0.9418859649122807,0.4921875,0.6528925619834711,0.5760869565217391,,,,,103.0,,,,,,,,
T1b_variant,2,C5_obsC,71.0,only the 2 NOT-RECOVERED descriptors (r .27-.37) swapped to obs,0.9012679246756662,,0.7134139794880873,0.668639811594991,0.9396929824561403,0.4921875,0.6611570247933884,0.5815217391304348,,,,,104.0,,,,,,,,
T1b_paired_delta,2,C5_obsA_minus_C5,,,,,,,,,,,,,,,,,macro_auroc,0.002055780880843572,-2.0337095689990063e-05,0.004359225325268217,True,patient,1000.0
T1b_paired_delta,2,C5_obsC_minus_C5,,,,,,,,,,,,,,,,,macro_auroc,0.0017566289553231362,-0.001177227152587504,0.004852756206217101,True,patient,1000.0
T1b_variant,3,C5,71.0,control,0.8951280230925194,,0.6955319673624183,0.6543754649154327,0.9429824561403509,0.4375,0.6446280991735537,0.592391304347826,,,,,104.0,,,,,,,,
T1b_variant,3,C5_obsA,71.0,only the 4 FAITHFULLY reconstructed descriptors (r .82-.95) swapped to obs,0.8966299403536604,,0.6972237206654843,0.6574696581118287,0.9418859649122807,0.44140625,0.6487603305785123,0.5978260869565217,,,,,104.0,,,,,,,,
T1b_variant,3,C5_obsC,71.0,only the 2 NOT-RECOVERED descriptors (r .27-.37) swapped to obs,0.897369648917399,,0.7096213665905905,0.6697652800071392,0.9473684210526315,0.44921875,0.6900826446280992,0.592391304347826,,,,,102.0,,,,,,,,
T1b_paired_delta,3,C5_obsA_minus_C5,,,,,,,,,,,,,,,,,macro_auroc,0.001501917261141017,-0.0008340828409145573,0.004020610063596391,True,patient,1000.0
T1b_paired_delta,3,C5_obsC_minus_C5,,,,,,,,,,,,,,,,,macro_auroc,0.002241625824879634,-0.0005350268521465085,0.005083779500071461,True,patient,1000.0
T1b_variant,4,C5,71.0,control,0.9019863524773203,,0.7038151707862634,0.6629209454646318,0.9364035087719298,0.5,0.6446280991735537,0.5706521739130435,,,,,95.0,,,,,,,,
T1b_variant,4,C5_obsA,71.0,only the 4 FAITHFULLY reconstructed descriptors (r .82-.95) swapped to obs,0.904313083297546,,0.7067657485805808,0.6658589869138125,0.9353070175438597,0.4921875,0.6652892561983471,0.5706521739130435,,,,,96.0,,,,,,,,
T1b_variant,4,C5_obsC,71.0,only the 2 NOT-RECOVERED descriptors (r .27-.37) swapped to obs,0.9046178302699657,,0.7004244639084075,0.6577636592548115,0.9353070175438597,0.484375,0.6570247933884298,0.5543478260869565,,,,,105.0,,,,,,,,
T1b_paired_delta,4,C5_obsA_minus_C5,,,,,,,,,,,,,,,,,macro_auroc,0.0023267308202257198,0.00021995348009645201,0.004632523074894188,False,patient,1000.0
T1b_paired_delta,4,C5_obsC_minus_C5,,,,,,,,,,,,,,,,,macro_auroc,0.002631477792645387,-5.168422113614439e-05,0.0052254311224466735,True,patient,1000.0
