seed,pair,recon_feature,obs_feature,family,aggregation,unit,n,pearson_r,pearson_p,spearman_rho,spearman_p,recon_mean,recon_sd,obs_mean,obs_sd,ba_bias,ba_sd_diff,ba_loa_lower,ba_loa_upper,ba_loa_width,ba_bias_over_obs_sd,ba_loa_width_over_obs_sd,ba_prop_bias_slope
42,Tpeak_mean,Tpeak_mean,obs_Tpeak_mean,Tpeak,mean,mV,1594,0.86565602587603,0.0,0.9357155361094739,0.0,0.0997168328569103,0.07145580696775741,0.13912255188119824,0.09802591151105051,-0.03940571902428796,0.05087239651137232,-0.1391156161865777,0.060304178138001784,0.19941979432457949,-0.4019928855223726,2.034357969750669,-0.3355296313327902
42,Tpeak_std,Tpeak_std,obs_Tpeak_std,Tpeak,std,mV,1594,0.8258917509561656,0.0,0.8955177429235979,0.0,0.14402795951944794,0.07113111846003967,0.1848860099799247,0.09721590860813563,-0.04085805046047678,0.05557301444259508,-0.14978115876796314,0.06806505784700959,0.21784621661497272,-0.42028152640294847,2.240849463158152,-0.3386676811794043
42,Tpeak_maxabs,Tpeak_maxabs,obs_Tpeak_maxabs,Tpeak,maxabs,mV,1594,0.8214244801595443,0.0,0.8665914239126761,0.0,0.3423406827534505,0.191528767604495,0.46658314441217064,0.2621979244753319,-0.12424246165872019,0.15142555827311266,-0.421036555874021,0.1725516325565806,0.5935881884306016,-0.4738499052093342,2.2638935438501058,-0.3412343249122027
42,Tpeak_range,Tpeak_range,obs_Tpeak_range,Tpeak,range,mV,1594,0.830345551697242,0.0,0.8967011385588647,0.0,0.460810694119197,0.23334369890220175,0.6433221507904642,0.32689562273879347,-0.18251145667126728,0.18610243747570748,-0.547272234123654,0.18224932078111938,0.7295215549047733,-0.5583172241406957,2.2316651070231637,-0.3639862824639073
42,Tptime_mean,Tptime_mean,obs_Tptime_mean,Tptime,mean,ms,1594,0.4467136769795689,5.0404871738656734e-79,0.5178595770279311,4.491994317116237e-110,274.60790464240904,39.375670097949076,254.52530322040985,31.027856740452556,20.082601421999165,37.70454860879585,-53.818313851240696,93.98351669523902,147.80183054647972,0.6472442357198486,4.763520464298881,0.32608202493851957
42,Tptime_std,Tptime_std,obs_Tptime_std,Tptime,std,ms,1594,0.331304808921897,3.846165836092368e-42,0.3418915592174574,6.206167605008567e-45,66.88152795998032,25.532808088421206,33.881241804517,22.25822744795414,33.000286155463314,27.762960217362615,-21.415115870567412,87.41568818149403,108.83080405206145,1.4826106990157712,4.889464100703338,0.20538504566920546
42,Tptime_maxabs,Tptime_maxabs,obs_Tptime_maxabs,Tptime,maxabs,ms,1594,0.09828777051734951,8.474325850675795e-05,0.1338012357743456,8.233269057920411e-08,398.7076537013802,62.17615543133474,314.5796737766625,62.684096132842505,84.12797992471769,83.83928476475249,-80.19701821419719,248.45297806363257,328.64999627782976,1.3420944883121628,5.24295661185482,-0.014815856112791487
42,Tptime_range,Tptime_range,obs_Tptime_range,Tptime,range,ms,1594,0.20520835551277516,1.287638772294759e-16,0.24484745612657496,3.434709894805395e-23,209.93726474278546,63.0785524809937,118.24341279799248,70.24788660004651,91.69385194479297,84.23216429257792,-73.40119006865974,256.7888939582457,330.1900840269054,1.30528982981151,4.700356124687839,-0.1781283531657172
42,Tarea_mean,Tarea_mean,obs_Tarea_mean,Tarea,mean,mV*s,1594,0.9006389942915376,0.0,0.9092393538367685,0.0,0.008412354723526349,0.007008387007712806,0.010837868390284819,0.008392654004584867,-0.0024255136667584694,0.0036884710392196037,-0.009654916903628893,0.004803889570111954,0.014458806473740846,-0.28900436803821805,1.7227931076203153,-0.18908050997029632
42,Tarea_std,Tarea_std,obs_Tarea_std,Tarea,std,mV*s,1594,0.9170258281752152,0.0,0.8707653538420874,0.0,0.013407565937390214,0.01011201760689358,0.015577377553764116,0.010303997411850263,-0.0021698116163739022,0.004162656806984926,-0.010328618958064356,0.005988995725316552,0.01631761468338091,-0.21057959640774743,1.583619835212167,-0.01962071974828169
42,Tarea_maxabs,Tarea_maxabs,obs_Tarea_maxabs,Tarea,maxabs,mV*s,1594,0.8859930917074363,0.0,0.8722741466112098,0.0,0.03289573767565872,0.025365514304416217,0.043005357835947305,0.027245666261525473,-0.010109620160288584,0.0126931240020178,-0.03498814320424347,0.0147689028836663,0.04975704608790977,-0.37105424632484474,1.8262370833695991,-0.07578814390528626
42,Tarea_range,Tarea_range,obs_Tarea_range,Tarea,range,mV*s,1594,0.883466041943143,0.0,0.8445296558633612,0.0,0.04094199835357591,0.031105927292204696,0.0544123043359473,0.033855549186736354,-0.013470305982371393,0.01590616755124348,-0.04464639438280861,0.017705782418065828,0.06235217680087444,-0.3978758669095428,1.8417121653221404,-0.08988167327523504
42,Tabsarea_mean,Tabsarea_mean,obs_Tabsarea_mean,Tabsarea,mean,mV*s,1594,0.9487284392289679,0.0,0.9569663941972075,0.0,0.022167031855144292,0.010218142312843853,0.022625682722772898,0.010312218585923497,-0.0004586508676286072,0.0032884639477997854,-0.006904040205316187,0.005986738470058972,0.012890778675375159,-0.044476449350548106,1.2500490139892377,-0.009405717887624638
42,Tabsarea_std,Tabsarea_std,obs_Tabsarea_std,Tabsarea,std,mV*s,1594,0.9109244458804902,0.0,0.9025113102458964,0.0,0.013566186663864492,0.008626323085692092,0.013862018642785447,0.008823343513569976,-0.0002958319789209535,0.003687605518549573,-0.0075235387952781166,0.006931874837436209,0.014455413632714326,-0.033528330668070996,1.6383147284793382,-0.023634042853760577
42,Tabsarea_maxabs,Tabsarea_maxabs,obs_Tabsarea_maxabs,Tabsarea,maxabs,mV*s,1594,0.8937738983029735,0.0,0.8849394591008929,0.0,0.0482334456229611,0.02759290194334589,0.051991397208908406,0.02885633201383772,-0.0037579515859473022,0.013067404510503365,-0.029370064426533896,0.02185416125463929,0.051224225681173186,-0.1302297043208825,1.7751468085621276,-0.04727296237379322
42,Tabsarea_range,Tabsarea_range,obs_Tabsarea_range,Tabsarea,range,mV*s,1594,0.8862877293821945,0.0,0.8759230750023224,0.0,0.04280457689523212,0.02645967192367551,0.046214202715119196,0.027971194812226458,-0.003409625819887077,0.013061530113828478,-0.029010224842990893,0.022190973203216738,0.05120119804620763,-0.12189775384198816,1.8304973523629078,-0.058884547341724665
42,Twidth_mean,Twidth_mean,obs_Twidth_mean,Twidth,mean,fraction of T window,1594,0.15586352656986824,3.9439551974468057e-10,0.11679735273746768,2.9326971088179674e-06,0.695140901945514,0.05681924669381451,0.5144795858030834,0.09871228033549957,0.1806613161424307,0.10594404025374295,-0.026989002754905483,0.38831163503976684,0.41530063779467236,1.830180758953251,4.207183102073666,-0.8852269469948636
42,Twidth_std,Twidth_std,obs_Twidth_std,Twidth,std,fraction of T window,1594,0.31492794055233475,4.923376592733117e-38,0.3034103344892163,2.69488398539189e-35,0.10959591571123765,0.03667505653894195,0.13381823034083204,0.047659518152459654,-0.02422231462959436,0.05015530451419458,-0.12252671147741573,0.07408208221822701,0.19660879369564274,-0.5082366664326898,4.125278670814593,-0.3927439367965862
42,Twidth_maxabs,Twidth_maxabs,obs_Twidth_maxabs,Twidth,maxabs,fraction of T window,1594,0.24708485187336382,1.3397485426693229e-23,0.25419766026579893,6.30512461456161e-25,0.8761952148141738,0.09450599966844218,0.7811188508631508,0.14138228130678493,0.09507636395102324,0.1493904209663463,-0.19772886114301552,0.38788158904506204,0.5856104501880776,0.6724772232576822,4.142035655213141,-0.6225551269125785
42,Twidth_range,Twidth_range,obs_Twidth_range,Twidth,range,fraction of T window,1594,0.25228009495156317,1.4510133581650995e-24,0.24754417359729522,1.1029989188233754e-23,0.38714143555574787,0.12863386112056271,0.43659412451866914,0.14285187166868443,-0.0494526889629213,0.16637829601683018,-0.37555414915590846,0.2766487712300658,0.6522029203859743,-0.34618159625949213,4.565588905258623,-0.16700893013258541
42,Tasym_mean,Tasym_mean,obs_Tasym_mean,Tasym,mean,dimensionless (-1..1),1594,0.34285667474718273,3.4104951724360556e-45,0.3501262597559568,3.504546174565695e-47,0.1911142508985574,0.2377877627771056,0.2412077130977936,0.17656416296584454,-0.050093462199236195,0.24275169986456982,-0.525886793933793,0.42569986953532063,0.9515866634691137,-0.2837125119717897,5.3894666249639425,0.43547626111429877
42,Tasym_std,Tasym_std,obs_Tasym_std,Tasym,std,dimensionless (-1..1),1594,0.3513156447427927,1.6379886983020784e-47,0.3409784297216492,1.0913856993092541e-44,0.4159388299419634,0.15748656119946938,0.24563267710040257,0.12547888801420454,0.17030615284156095,0.1632853445747161,-0.1497331225248826,0.49034542820800453,0.6400785507328871,1.357249458747848,5.101085615776484,0.332785620062345
42,Tasym_maxabs,Tasym_maxabs,obs_Tasym_maxabs,Tasym,maxabs,dimensionless (-1..1),1594,0.3991282840296472,5.143309161703583e-62,0.47811967121653803,7.865861232480547e-92,0.8742863381166979,0.1571558942291619,0.7170245943583987,0.26976108768671586,0.15726174375829913,0.2522445154087182,-0.3371375064427885,0.6516609939593867,0.9887985004021752,0.5829667470088694,3.665460088708219,-0.7322031398496672
42,Tasym_range,Tasym_range,obs_Tasym_range,Tasym,range,dimensionless (-1..1),1594,0.25224605540320333,1.4725476693371082e-24,0.2522519045923953,1.468824941735563e-24,1.3275032783610163,0.40974815645442514,0.8741156783221066,0.4094765453486951,0.45338760003890993,0.500918922205177,-0.5284134874832369,1.4351886875610569,1.9636021750442938,1.1072370449272542,4.795395969193212,0.0010590458801469735
42,Tlowamp_mean,Tlowamp_mean,obs_Tlowamp_mean,Tlowamp,mean,dimensionless (0..1),1594,0.8940061062830098,0.0,0.9136989463044137,0.0,0.5444781439962358,0.11614912030992748,0.4645905450332497,0.1296325715229836,0.07988759896298621,0.058083060478016674,-0.03395519957392647,0.1937303974998989,0.22768559707382535,0.616261777610593,1.7563918882335612,-0.11583959114249347
42,Tlowamp_std,Tlowamp_std,obs_Tlowamp_std,Tlowamp,std,dimensionless (0..1),1594,0.7777673263249395,2e-323,0.754987896275625,4.552398552788566e-294,0.1848007081010038,0.0503063442789166,0.19258673852572147,0.04643616833644405,-0.007786030424717691,0.03245403469318789,-0.07139593842336595,0.055823877573930564,0.1272198159972965,-0.16767168144248146,2.7396708332080837,0.08999358263096217
42,Tlowamp_maxabs,Tlowamp_maxabs,obs_Tlowamp_maxabs,Tlowamp,maxabs,dimensionless (0..1),1594,0.49682168172543867,4.07279130827713e-100,0.49842781717239476,7.481971622517769e-101,0.8307791969510665,0.06606481057339303,0.7972803746925972,0.08167685840061717,0.03349882225846926,0.07532597434918464,-0.11414008746593265,0.18113773198287117,0.2952778194488038,0.410138476362065,3.6151956041268676,-0.2813323128106869
42,Tlowamp_range,Tlowamp_range,obs_Tlowamp_range,Tlowamp,range,dimensionless (0..1),1594,0.7285772517293705,6.620238614877866e-264,0.6924762749589485,5.194792929064996e-228,0.5839335307026349,0.15032718612485885,0.6320969600941029,0.14262714560823203,-0.048163429391468005,0.10815867232441272,-0.26015442714731696,0.16382756836438092,0.42398199551169785,-0.33768767639621156,2.9726598937644786,0.06081590520060539
42,STmean_mean,STmean_mean,obs_STmean_mean,STmean,mean,mV,1594,0.9240539100062324,0.0,0.8699290251278495,0.0,-0.02212704919890715,0.024131218900117803,-0.02248152014653626,0.027431205811924025,0.00035447094762910926,0.01055626373369999,-0.02033580597042287,0.02104474786568109,0.04138055383610396,0.012922178852051224,1.508521139020302,-0.13303056366297394
42,STmean_std,STmean_std,obs_STmean_std,STmean,std,mV,1594,0.9176756837406232,0.0,0.8553313391114702,0.0,0.05114848935633626,0.03098122253460394,0.059182707130489336,0.03799720849688422,-0.008034217774153075,0.015590010411676252,-0.03859063818103853,0.02252220263273238,0.061112840813770906,-0.21144231621151546,1.6083508034223666,-0.2120642163548907
42,STmean_maxabs,STmean_maxabs,obs_STmean_maxabs,STmean,maxabs,mV,1594,0.8347250610187706,0.0,0.7588805341877023,7.683238560447792e-299,0.09433932235633626,0.06582336204777449,0.1108137780966123,0.08797036956065071,-0.016474455740276034,0.04903611753804863,-0.11258524611485135,0.07963633463429928,0.19222158074915063,-0.18727278085285076,2.1850718794198594,-0.313368175352321
42,STmean_range,STmean_range,obs_STmean_range,STmean,range,mV,1594,0.8755909494694203,0.0,0.820080702927615,0.0,0.15517962422396486,0.09861659997291049,0.18573661912672523,0.12987759569926913,-0.030556994902760353,0.06453009929185505,-0.15703598951479622,0.09592199970927552,0.25295798922407176,-0.23527533550524687,1.9476645518584639,-0.291414144610922
42,STslope_mean,STslope_mean,obs_STslope_mean,STslope,mean,mV/sample,1594,0.9130951346797325,0.0,0.8108047868820843,0.0,0.0044745634857330345,0.009175956172827631,0.005403845317242551,0.010177260764710237,-0.0009292818315095171,0.0041513881476769494,-0.009066002600956337,0.007207438937937303,0.01627344153889364,-0.09130962181216895,1.5990001548670127,-0.10816422928244042
42,STslope_std,STslope_std,obs_STslope_std,STslope,std,mV/sample,1594,0.9477580884828012,0.0,0.775563578634563,2.255e-320,0.008306609653583586,0.01586429185904336,0.009589710664309884,0.019938406583513875,-0.0012831010107262994,0.007046101982889869,-0.015093460897190443,0.012527258875737843,0.027620719772928286,-0.06435323732375059,1.385302263610501,-0.23361012365099745
42,STslope_maxabs,STslope_maxabs,obs_STslope_maxabs,STslope,maxabs,mV/sample,1594,0.8887140667810317,0.0,0.7897477073718782,0.0,0.019230570436817793,0.03317506269323995,0.022856786880317823,0.04188677093983706,-0.0036262164435000356,0.019625974930298794,-0.04209312730688567,0.0348406944198856,0.07693382172677127,-0.08657187847467293,1.8367092998711478,-0.2456028363924674
42,STslope_range,STslope_range,obs_STslope_range,STslope,range,mV/sample,1594,0.9305929441592609,0.0,0.7543715806740431,2.54487081026387e-293,0.02611509753305306,0.04914276021286486,0.03213471328932036,0.06371581875961695,-0.0060196157562673065,0.025436681868590525,-0.05587551221870473,0.04383628070617012,0.09971179292487485,-0.0944760009908644,1.56494564247948,-0.2673776817816509
42,T_sign_discordance_rate,T_sign_discordance_rate,obs_T_sign_discordance_rate,T_sign_discordance_rate,rate,fraction of leads,1594,0.4570804825266158,4.1898872728053194e-83,0.4976443139892801,1.7119097223449175e-100,0.3278962777080719,0.17631636253047395,0.23687787536595561,0.14694875287832024,0.09101840234211629,0.1702820306074956,-0.24273437764857514,0.4247711823328077,0.6675055599813828,0.6193887362724566,4.542437733609795,0.24862953703701354
1,Tpeak_mean,Tpeak_mean,obs_Tpeak_mean,Tpeak,mean,mV,1594,0.8740308331123061,0.0,0.945264032697695,0.0,0.10477694670149937,0.07622005657515969,0.13912255188119824,0.09802591151105051,-0.034345605179698875,0.04855782922590864,-0.12951895046247983,0.06082774010308207,0.1903466905655619,-0.3503727193174539,1.9417997510189333,-0.26683125269655283
1,Tpeak_std,Tpeak_std,obs_Tpeak_std,Tpeak,std,mV,1594,0.8367672696312631,0.0,0.9063429989754378,0.0,0.15498338557716435,0.07271474481307352,0.1848860099799247,0.09721590860813563,-0.029902624402760352,0.05392681298508254,-0.13559917785352213,0.07579392904800142,0.21139310690152355,-0.307589825892528,2.174470309726991,-0.3134146042238328
1,Tpeak_maxabs,Tpeak_maxabs,obs_Tpeak_maxabs,Tpeak,maxabs,mV,1594,0.8382174290849871,0.0,0.8865991492205956,0.0,0.3727060554843161,0.19771917915518808,0.46658314441217064,0.2621979244753319,-0.09387708892785446,0.14467767552585287,-0.37744533295852606,0.18969115510281714,0.5671364880613432,-0.3580390238241058,2.163009067276963,-0.30454362518302874
1,Tpeak_range,Tpeak_range,obs_Tpeak_range,Tpeak,range,mV,1594,0.8404725017193326,0.0,0.9059936764531801,0.0,0.49011962021894606,0.23710923322947375,0.6433221507904642,0.32689562273879347,-0.1532025305715182,0.18108434249731,-0.5081278418662458,0.2017227807232094,0.7098506225894552,-0.46865886207945634,2.171490143068274,-0.34522749333087077
1,Tptime_mean,Tptime_mean,obs_Tptime_mean,Tptime,mean,ms,1594,0.35280929933036975,6.2728928049284e-48,0.414172193699892,4.2378388984070704e-67,261.61229611041404,36.097571068158096,254.52530322040985,31.027856740452556,7.086992890004185,38.41156526021718,-68.19967502002149,82.37366080002985,150.57333582005134,0.22840742592331623,4.852843594051452,0.22270824637376382
1,Tptime_std,Tptime_std,obs_Tptime_std,Tptime,std,ms,1594,0.34726003653549453,2.1618155211259615e-46,0.3628007487108286,8.927269493835461e-51,63.69705857227075,28.392943614585175,33.881241804517,22.25822744795414,29.81581676775375,29.371201949774115,-27.751739053803515,87.38337258931101,115.13511164311453,1.3395413825054727,5.172699035102058,0.3570572409806843
1,Tptime_maxabs,Tptime_maxabs,obs_Tptime_maxabs,Tptime,maxabs,ms,1594,0.1102516197386606,1.0251933236316142e-05,0.07815947212702663,0.0017911416616617573,381.48682559598495,74.67769719159124,314.5796737766625,62.684096132842505,66.90715181932246,92.05354844102068,-113.51780312507806,247.332106763723,360.84990988880105,1.067370448758331,5.756642149295322,0.3126633147820018
1,Tptime_range,Tptime_range,obs_Tptime_range,Tptime,range,ms,1594,0.23386024662971908,3.0495486679586686e-21,0.2517316642497133,1.8392261086889816e-24,201.29861982434127,75.07941749191356,118.24341279799248,70.24788660004651,83.05520702634881,90.02692330010876,-93.39756264186435,259.507976694562,352.90553933642633,1.1823160958452779,5.023717529691386,0.10770443988868914
1,Tarea_mean,Tarea_mean,obs_Tarea_mean,Tarea,mean,mV*s,1594,0.9193702449995156,0.0,0.9403410736705449,0.0,0.0080328001101633,0.007113740045965268,0.010837868390284819,0.008392654004584867,-0.0028050682801215184,0.0033560874632154202,-0.009382999708023742,0.003772863147780705,0.013155862855804447,-0.3342289910425383,1.5675450040734984,-0.17183343016331531
1,Tarea_std,Tarea_std,obs_Tarea_std,Tarea,std,mV*s,1594,0.9240742866645473,0.0,0.8825460550949251,0.0,0.013794300034190713,0.009621371506030417,0.015577377553764116,0.010303997411850263,-0.0017830775195734005,0.0039395829748909905,-0.009504660150359742,0.00593850511121294,0.015443165261572682,-0.1730471629896516,1.4987547690774887,-0.07121876470787823
1,Tarea_maxabs,Tarea_maxabs,obs_Tarea_maxabs,Tarea,maxabs,mV*s,1594,0.9016887235389326,0.0,0.8946253718610899,0.0,0.03343951429937264,0.024075735837425685,0.043005357835947305,0.027245666261525473,-0.009565843536574655,0.0117908813599933,-0.032675971002161526,0.013544283929012213,0.04622025493117374,-0.35109596677703225,1.696425937523977,-0.1298931148238594
1,Tarea_range,Tarea_range,obs_Tarea_range,Tarea,range,mV*s,1594,0.8916070741799351,0.0,0.8573627068067426,0.0,0.04219095407553325,0.02971881003237417,0.0544123043359473,0.033855549186736354,-0.012221350260414054,0.015337241144874779,-0.04228234290436862,0.01783964238354051,0.06012198528790913,-0.3609851428787938,1.7758384292127574,-0.1375624343223018
1,Tabsarea_mean,Tabsarea_mean,obs_Tabsarea_mean,Tabsarea,mean,mV*s,1594,0.953181472744439,0.0,0.9571328060459204,0.0,0.022451349840777915,0.00973916127664869,0.022625682722772898,0.010312218585923497,-0.00017433288199498117,0.003119709127628095,-0.006288962772146048,0.005940297008156085,0.012229259780302133,-0.016905468066100833,1.1858999766544376,-0.058527865287606846
1,Tabsarea_std,Tabsarea_std,obs_Tabsarea_std,Tabsarea,std,mV*s,1594,0.9263130003151001,0.0,0.9192213111241729,0.0,0.014771094006085318,0.008582237158367584,0.013862018642785447,0.008823343513569976,0.0009090753632998746,0.003349311110888774,-0.005655574414042122,0.007473725140641872,0.013129299554683994,0.10303071187263087,1.4880186331283167,-0.028764053599393612
1,Tabsarea_maxabs,Tabsarea_maxabs,obs_Tabsarea_maxabs,Tabsarea,maxabs,mV*s,1594,0.9139020215709022,0.0,0.9081222686308091,0.0,0.050987650044542025,0.026707498682125342,0.051991397208908406,0.02885633201383772,-0.001003747164366374,0.01171859812753366,-0.023972199494332345,0.021964705165599598,0.04593690465993194,-0.03478429496462124,1.5919176643068644,-0.08082051692832028
1,Tabsarea_range,Tabsarea_range,obs_Tabsarea_range,Tabsarea,range,mV*s,1594,0.9066517208082665,0.0,0.8989800562480696,0.0,0.04567476325100377,0.02590575956177686,0.046214202715119196,0.027971194812226458,-0.0005394394641154329,0.011813092663975453,-0.02369310108550732,0.022614222157276456,0.04630732324278378,-0.019285535270722118,1.6555361168391145,-0.08042034300294042
1,Twidth_mean,Twidth_mean,obs_Twidth_mean,Twidth,mean,fraction of T window,1594,0.16072803324505827,1.0891812423233654e-10,0.11410863219881735,4.944479762525376e-06,0.6793417124561936,0.06268249607034082,0.5144795858030834,0.09871228033549957,0.1648621266531101,0.10809343118204806,-0.04700099846370409,0.3767252517699243,0.42372625023362837,1.6701278310336152,4.292538362942114,-0.7425531639178208
1,Twidth_std,Twidth_std,obs_Twidth_std,Twidth,std,fraction of T window,1594,0.36991077806594963,7.280994404565424e-53,0.36443090679422013,2.995858814700413e-51,0.11511949192833992,0.03868844585657859,0.13381823034083204,0.047659518152459654,-0.01869873841249212,0.04903150775041065,-0.114800493603297,0.07740301677831277,0.19220351038160977,-0.39234006421710116,4.032846277773171,-0.30186248994786036
1,Twidth_maxabs,Twidth_maxabs,obs_Twidth_maxabs,Twidth,maxabs,fraction of T window,1594,0.30677244000239784,4.4037843720140214e-36,0.30438182839683503,1.600579276265332e-35,0.8614416129450958,0.09627050010460833,0.7811188508631508,0.14138228130678493,0.08032276208194523,0.14458919154901803,-0.2030720533541301,0.36371757751802053,0.5667896308721506,0.5681246712072296,4.008915584282275,-0.5701432476942443
1,Twidth_range,Twidth_range,obs_Twidth_range,Twidth,range,fraction of T window,1594,0.302654868018185,4.035479328654176e-35,0.31311745069221447,1.3515191287147466e-37,0.39955868991476656,0.13295564370397642,0.43659412451866914,0.14285187166868443,-0.03703543460390257,0.16305592685661086,-0.35662505124285987,0.2825541820350547,0.6391792332779146,-0.25925760839731,4.47441973151293,-0.11010194896352306
1,Tasym_mean,Tasym_mean,obs_Tasym_mean,Tasym,mean,dimensionless (-1..1),1594,0.2621708324041656,1.826296977972629e-26,0.2614616858274584,2.515028977795319e-26,0.2572957948862145,0.22071857686924845,0.2412077130977936,0.17656416296584454,0.016088081788420902,0.2438390445280118,-0.4618364454864822,0.49401260906332406,0.9558490545498063,0.09111748113649236,5.41360737362491,0.34969674036210574
1,Tasym_std,Tasym_std,obs_Tasym_std,Tasym,std,dimensionless (-1..1),1594,0.3733434301669908,6.837410665611367e-54,0.3840391126620096,3.575670196829013e-57,0.40661904195766496,0.17115526549841928,0.24563267710040257,0.12547888801420454,0.16098636485726237,0.17030252837812862,-0.17280659076386973,0.49477932047839446,0.6675859112422642,1.2829757053556157,5.320304648911869,0.4436882164317938
1,Tasym_maxabs,Tasym_maxabs,obs_Tasym_maxabs,Tasym,maxabs,dimensionless (-1..1),1594,0.3715800838188812,2.3129567668727063e-53,0.4518537291648653,4.977739711525947e-81,0.9006724285529728,0.16388754823150298,0.7170245943583987,0.26976108768671586,0.18364783419457403,0.25840801600867336,-0.32283187718242573,0.6901275455715739,1.0129594227539995,0.6807795585694386,3.7550242380783585,-0.6930851510639726
1,Tasym_range,Tasym_range,obs_Tasym_range,Tasym,range,dimensionless (-1..1),1594,0.26833423635197917,1.0858122271817792e-27,0.25280666842499755,1.1549831654945048e-24,1.314117972356426,0.469908082985942,0.8741156783221066,0.4094765453486951,0.4400022940343195,0.5340607317203051,-0.6067567401374785,1.4867613282061176,2.093518068343596,1.0745482226817895,5.112669070119348,0.2161372035335854
1,Tlowamp_mean,Tlowamp_mean,obs_Tlowamp_mean,Tlowamp,mean,dimensionless (0..1),1594,0.8920219160381008,0.0,0.9087767138600336,0.0,0.5371191654366374,0.10949268675141773,0.4645905450332497,0.1296325715229836,0.0725286204033877,0.05891398492828285,-0.042942790056046676,0.18800003086282208,0.23094282091886875,0.5594938027633627,1.7815184733716636,-0.17798753080055138
1,Tlowamp_std,Tlowamp_std,obs_Tlowamp_std,Tlowamp,std,dimensionless (0..1),1594,0.7987462848609261,0.0,0.7777946357529572,2e-323,0.1990305488544542,0.05103009174704612,0.19258673852572147,0.04643616833644405,0.006443810328732748,0.031223430568462766,-0.05475411358545427,0.06764173424291976,0.12239584782837404,0.1387670550689152,2.6357869784082784,0.10478801043013906
1,Tlowamp_maxabs,Tlowamp_maxabs,obs_Tlowamp_maxabs,Tlowamp,maxabs,dimensionless (0..1),1594,0.4504381643153592,1.789638686641633e-80,0.4484645707540989,1.0548858610131992e-79,0.8307074583312422,0.06322101417453582,0.7972803746925972,0.08167685840061717,0.03342708363864492,0.07756388527082031,-0.11859813149216289,0.1854522987694527,0.3040504302616156,0.40926015389436593,3.7226019244065114,-0.34911720787095524
1,Tlowamp_range,Tlowamp_range,obs_Tlowamp_range,Tlowamp,range,dimensionless (0..1),1594,0.7420509723677138,7.86444779537719e-279,0.7025019311973532,1.9638026650660282e-237,0.6129215400564617,0.1460104092809054,0.6320969600941029,0.14262714560823203,-0.019175420037641156,0.10370654843340288,-0.2224402549671108,0.18408941489182848,0.4065296698589393,-0.13444439314737577,2.8502966116674187,0.02691369376307419
1,STmean_mean,STmean_mean,obs_STmean_mean,STmean,mean,mV,1594,0.9502183578444015,0.0,0.9163107060834039,0.0,-0.02817594637482685,0.025285133076438083,-0.02248152014653626,0.027431205811924025,-0.005694426228290589,0.008582708802389854,-0.022516535480974705,0.011127683024393525,0.03364421850536823,-0.20758935160682176,1.2264943340822254,-0.08349444359284783
1,STmean_std,STmean_std,obs_STmean_std,STmean,std,mV,1594,0.930399294330593,0.0,0.9048820777233946,0.0,0.05746891384692597,0.03448273001296443,0.059182707130489336,0.03799720849688422,-0.0017137932835633624,0.013954922346247563,-0.029065441082208585,0.02563785451508186,0.054703295597290445,-0.04510313655551549,1.4396661692075652,-0.10046599721163886
1,STmean_maxabs,STmean_maxabs,obs_STmean_maxabs,STmean,maxabs,mV,1594,0.8441717556127355,0.0,0.7768676382255796,3.85e-322,0.10832319595420327,0.07222157942253134,0.1108137780966123,0.08797036956065071,-0.002490582142409033,0.04720264779298306,-0.09500777181665583,0.09002660753183776,0.1850343793484936,-0.02831160258673137,2.103371626976315,-0.21306425500302936
1,STmean_range,STmean_range,obs_STmean_range,STmean,range,mV,1594,0.8836804596997103,0.0,0.8593478207263684,0.0,0.1757047687051443,0.10894687100037931,0.18573661912672523,0.12987759569926913,-0.01003185042158093,0.06107275865889906,-0.12973445739302308,0.10967075654986122,0.2394052139428843,-0.07724080791277986,1.8433141809710258,-0.18601684279088235
1,STslope_mean,STslope_mean,obs_STslope_mean,STslope,mean,mV/sample,1594,0.9250291681720734,0.0,0.7651076683588287,1.1440825232132024e-306,0.003298691651578241,0.009412901330490527,0.005403845317242551,0.010177260764710237,-0.00210515366566431,0.0038663017956036124,-0.00968310518504739,0.005472797853718771,0.01515590303876616,-0.20684874980937437,1.4891927591478662,-0.08106931989102566
1,STslope_std,STslope_std,obs_STslope_std,STslope,std,mV/sample,1594,0.9462023068849785,0.0,0.7148571913936185,1.3230151927345427e-249,0.00798646380879309,0.01656723043276434,0.009589710664309884,0.019938406583513875,-0.0016032468555167952,0.006848809091576499,-0.015026912675006733,0.011820418963973142,0.026847331638979875,-0.08040997904227935,1.346513399981454,-0.18975409540981453
1,STslope_maxabs,STslope_maxabs,obs_STslope_maxabs,STslope,maxabs,mV/sample,1594,0.8985130492587521,0.0,0.7404698900357298,4.956371400743965e-277,0.017816947613170427,0.034315574255618306,0.022856786880317823,0.04188677093983706,-0.0050398392671474,0.018683450739623807,-0.04165940271681006,0.03157972418251526,0.07323912689932532,-0.12032054880492549,1.7485025762554096,-0.20922495256521295
1,STslope_range,STslope_range,obs_STslope_range,STslope,range,mV/sample,1594,0.927735217259744,0.0,0.6886132595258064,1.7520664912421821e-224,0.02499386885343213,0.05126352160952775,0.03213471328932036,0.06371581875961695,-0.007140844435888237,0.025042688091627373,-0.056224513095477886,0.041942824223701415,0.0981673373191793,-0.11207333712258753,1.540705891099648,-0.22462152081891074
1,T_sign_discordance_rate,T_sign_discordance_rate,obs_T_sign_discordance_rate,T_sign_discordance_rate,rate,fraction of leads,1594,0.4215751252767505,1.0669107969434549e-69,0.48764964585752874,5.46784034766406e-96,0.3369928900041824,0.1799349027999926,0.23687787536595561,0.14694875287832024,0.1001150146382267,0.17797919189569472,-0.24872420147733493,0.4489542307537883,0.6976784322311232,0.6812920332922195,4.747766949807532,0.2827697004702938
2,Tpeak_mean,Tpeak_mean,obs_Tpeak_mean,Tpeak,mean,mV,1594,0.833412903684049,0.0,0.8943262022861368,0.0,0.07139931041506274,0.07484517131706814,0.13912255188119824,0.09802591151105051,-0.06772324146613551,0.0546055661205874,-0.1747501510624868,0.039303668130215796,0.2140538191927026,-0.6908708159117809,2.183645282080057,-0.2920758817509074
2,Tpeak_std,Tpeak_std,obs_Tpeak_std,Tpeak,std,mV,1594,0.823090215997616,0.0,0.8910113463895288,0.0,0.13796517481304893,0.0681062242335322,0.1848860099799247,0.09721590860813563,-0.046920835166875785,0.056480227347802246,-0.15762208076856818,0.06378041043481661,0.2214024912033848,-0.4826456475967058,2.2774306630803474,-0.3851711006065814
2,Tpeak_maxabs,Tpeak_maxabs,obs_Tpeak_maxabs,Tpeak,maxabs,mV,1594,0.8114985226342406,0.0,0.8539629141916855,0.0,0.3054459194811794,0.18270795124048306,0.46658314441217064,0.2621979244753319,-0.16113722493099122,0.15613848271501427,-0.4671686510524192,0.14489420119043675,0.612062852242856,-0.6145633122513574,2.3343542992097177,-0.3932113048675267
2,Tpeak_range,Tpeak_range,obs_Tpeak_range,Tpeak,range,mV,1594,0.8245906512515355,0.0,0.8921004804388357,0.0,0.43336899569636134,0.22192643797619738,0.6433221507904642,0.32689562273879347,-0.20995315509410287,0.19096936146515284,-0.5842531035658024,0.1643467933775967,0.7485998969433991,-0.6422635865695464,2.2900272896635547,-0.41783052266053744
2,Tptime_mean,Tptime_mean,obs_Tptime_mean,Tptime,mean,ms,1594,0.2679053993484043,1.3246215443000723e-27,0.2901313883624903,2.7395200919636624e-32,288.2460267670431,44.588179300283194,254.52530322040985,31.027856740452556,33.72072354663322,47.005876651366904,-58.41079469004591,125.85224178331234,184.26303647335826,1.0867886824638402,5.938632436481679,0.5554420113546038
2,Tptime_std,Tptime_std,obs_Tptime_std,Tptime,std,ms,1594,0.24757825602232264,1.0871812348457067e-23,0.28094707091198645,2.6645271185539425e-30,79.28372283463688,27.699667260021254,33.881241804517,22.25822744795414,45.40248103011987,30.94210301615395,-15.24404088154187,106.04900294178162,121.29304382332349,2.0398066798572962,5.449357731065512,0.3467412889914048
2,Tptime_maxabs,Tptime_maxabs,obs_Tptime_maxabs,Tptime,maxabs,ms,1594,0.02688151695181851,0.2834530668776826,0.007202050169461944,0.7738676906596881,410.03764115432875,54.810051162456496,314.5796737766625,62.684096132842505,95.45796737766625,82.15061147281484,-65.55723110905083,256.4731658643833,322.03039697343416,1.5228418891989464,5.137354079270366,-0.2599422335445118
2,Tptime_range,Tptime_range,obs_Tptime_range,Tptime,range,ms,1594,0.1353641611445878,5.790514088962945e-08,0.16453850693662217,3.865907995297551e-11,230.37641154328733,59.12722699759925,118.24341279799248,70.24788660004651,112.13299874529486,85.47694117631966,-55.401805960291654,279.66780345088137,335.069609411173,1.5962472918754058,4.769817650442329,-0.30113954925366654
2,Tarea_mean,Tarea_mean,obs_Tarea_mean,Tarea,mean,mV*s,1594,0.924220429091042,0.0,0.9443003713849896,0.0,0.0060426676678831245,0.006976090814027663,0.010837868390284819,0.008392654004584867,-0.0047952007224016935,0.0032985031838431824,-0.011260266962734331,0.0016698655179309442,0.012930132480665275,-0.5713568937528103,1.5406488190269259,-0.1915391004850045
2,Tarea_std,Tarea_std,obs_Tarea_std,Tarea,std,mV*s,1594,0.910340669204494,0.0,0.8499389210018712,0.0,0.012133935480050187,0.009779690064709638,0.015577377553764116,0.010303997411850263,-0.0034434420737139274,0.0042830855689502175,-0.011838289788856354,0.0049514056414285,0.016789695430284853,-0.3341850678023023,1.6294351365981148,-0.054661024496793914
2,Tarea_maxabs,Tarea_maxabs,obs_Tarea_maxabs,Tarea,maxabs,mV*s,1594,0.88324553050523,0.0,0.8633958519016351,0.0,0.0283215024631744,0.023917770470557147,0.043005357835947305,0.027245666261525473,-0.014683855372772897,0.012776630865015152,-0.03972605186820259,0.0103583411226568,0.05008439299085939,-0.5389427893531995,1.8382517245168366,-0.1381176428168811
2,Tarea_range,Tarea_range,obs_Tarea_range,Tarea,range,mV*s,1594,0.8712655064716125,0.0,0.8174049852642941,0.0,0.03719441953801757,0.030181909351158727,0.0544123043359473,0.033855549186736354,-0.017217884797929735,0.016630811987349496,-0.04981427629313474,0.015378506697275276,0.06519278299041002,-0.5085690591802663,1.9256158755785509,-0.12259951501970613
2,Tabsarea_mean,Tabsarea_mean,obs_Tabsarea_mean,Tabsarea,mean,mV*s,1594,0.9502045402536728,0.0,0.9553098929266277,0.0,0.021057012426411545,0.009751247820984764,0.022625682722772898,0.010312218585923497,-0.001568670296361355,0.003213915399087546,-0.007867944478572945,0.004730603885850235,0.01259854836442318,-0.1521176343665406,1.2217107559784075,-0.05734630217029234
2,Tabsarea_std,Tabsarea_std,obs_Tabsarea_std,Tabsarea,std,mV*s,1594,0.9067008538558488,0.0,0.881031481714933,0.0,0.01276933813055207,0.008269269798872433,0.013862018642785447,0.008823343513569976,-0.001092680512233375,0.00373117886770751,-0.008405791092940094,0.006220430068473344,0.014626221161413438,-0.12383973383251744,1.6576733229210505,-0.0680008248009127
2,Tabsarea_maxabs,Tabsarea_maxabs,obs_Tabsarea_maxabs,Tabsarea,maxabs,mV*s,1594,0.8903857406587434,0.0,0.8702841053948766,0.0,0.045744091144918446,0.02649691841444323,0.051991397208908406,0.02885633201383772,-0.006247306063989963,0.013160159856644808,-0.03204121938301378,0.01954660725503386,0.051587826638047646,-0.21649688744204007,1.7877471957735065,-0.0901830164602283
2,Tabsarea_range,Tabsarea_range,obs_Tabsarea_range,Tabsarea,range,mV*s,1594,0.8807194150002063,0.0,0.8576149826204275,0.0,0.04040731331047679,0.02571869216594422,0.046214202715119196,0.027971194812226458,-0.005806889404642409,0.01329249828707258,-0.031860186047304666,0.020246407238019848,0.052106593285324514,-0.20760247975192558,1.862866196282336,-0.08921961088692139
2,Twidth_mean,Twidth_mean,obs_Twidth_mean,Twidth,mean,fraction of T window,1594,-0.004014111408364798,0.8727723377287697,-0.05311408615105885,0.03397153489161993,0.701951643375301,0.05335132640355745,0.5144795858030834,0.09871228033549957,0.18747205757221766,0.11239554439691261,-0.032823209445731055,0.4077673245901664,0.44059053403589743,1.899176646867489,4.463381177483034,-1.0994009068681523
2,Twidth_std,Twidth_std,obs_Twidth_std,Twidth,std,fraction of T window,1594,0.3207347704692506,1.8407148263043888e-39,0.3073130049053802,3.283756740466889e-36,0.10454989154680097,0.04120598484231006,0.13381823034083204,0.047659518152459654,-0.02926833879403105,0.052053896719416896,-0.13129397636408816,0.07275729877602606,0.20405127514011423,-0.6141131914175793,4.281438064215582,-0.2193473289150893
2,Twidth_maxabs,Twidth_maxabs,obs_Twidth_maxabs,Twidth,maxabs,fraction of T window,1594,0.25376065801734005,7.628797758581137e-25,0.28053531406310417,3.258434361564902e-30,0.8708086358326483,0.08836764772346392,0.7811188508631508,0.14138228130678493,0.08968978496949769,0.14648212298985339,-0.19741517609061493,0.37679474602961033,0.5742099221202253,0.6343778310867692,4.061399468256203,-0.7135687694607913
2,Twidth_range,Twidth_range,obs_Twidth_range,Twidth,range,fraction of T window,1594,0.2705757538291361,3.818670737906541e-28,0.2683203259900498,1.0928429274215932e-27,0.37247436507593124,0.14232391210208217,0.43659412451866914,0.14285187166868443,-0.06411975944273786,0.17222216325822562,-0.40167519942886004,0.27343568054338435,0.6751108799722444,-0.4488548780897353,4.725950539437281,-0.0058283630080911385
2,Tasym_mean,Tasym_mean,obs_Tasym_mean,Tasym,mean,dimensionless (-1..1),1594,0.19702617143000706,2.054389221152522e-15,0.15545751923958626,4.383219434739823e-10,0.10534374768774096,0.2790894385596233,0.2412077130977936,0.17656416296584454,-0.13586396541005263,0.2994128002675411,-0.7227130539344332,0.4509851231143279,1.1736981770487611,-0.7694877778586068,6.647431490816215,0.7271901907754742
2,Tasym_std,Tasym_std,obs_Tasym_std,Tasym,std,dimensionless (-1..1),1594,0.2610188888397008,3.069746135326143e-26,0.28390695340896527,6.209608704750839e-31,0.4877193957052705,0.17208999287858376,0.24563267710040257,0.12547888801420454,0.242086718604868,0.18462721959304476,-0.11978263179749973,0.6039560690072358,0.7237387008047355,1.9293023905141966,5.767812516180462,0.4898241822941458
2,Tasym_maxabs,Tasym_maxabs,obs_Tasym_maxabs,Tasym,maxabs,dimensionless (-1..1),1594,0.34331557746518915,2.5636826137760347e-45,0.4585298008135894,1.0976125046746703e-83,0.9128443608749915,0.12860355420380037,0.7170245943583987,0.26976108768671586,0.19581976651659275,0.25590847862158467,-0.3057608515817132,0.6974003846148986,1.0031612361966118,0.7259007153174216,3.7187025185842306,-0.9941099342864991
2,Tasym_range,Tasym_range,obs_Tasym_range,Tasym,range,dimensionless (-1..1),1594,0.20183241325187717,4.0960248645787095e-16,0.2094866046453934,2.8853203277357753e-17,1.4678625359969422,0.4037201675726705,0.8741156783221066,0.4094765453486951,0.5937468576748356,0.5137407830672652,-0.41318507713700414,1.6006787924866752,2.0138638696236795,1.4500143278517277,4.918142180546012,-0.023558915786182275
2,Tlowamp_mean,Tlowamp_mean,obs_Tlowamp_mean,Tlowamp,mean,dimensionless (0..1),1594,0.8816201081493149,0.0,0.9048415304862076,0.0,0.5623307261166876,0.10963808262452591,0.4645905450332497,0.1296325715229836,0.0977401810834379,0.061357700848213355,-0.022520912579060262,0.21800127474593606,0.24052218732499633,0.7539785713971489,1.8554147657431312,-0.17756532502492328
2,Tlowamp_std,Tlowamp_std,obs_Tlowamp_std,Tlowamp,std,dimensionless (0..1),1594,0.7313922285326903,5.99359383045088e-267,0.725877578414018,5.0537246530207195e-261,0.17308236005583438,0.05306994771348642,0.19258673852572147,0.04643616833644405,-0.019504378469887076,0.03698516221481313,-0.0919952964109208,0.05298653947114665,0.14498183588206745,-0.42002557852258543,3.122174827854665,0.15391339774435414
2,Tlowamp_maxabs,Tlowamp_maxabs,obs_Tlowamp_maxabs,Tlowamp,maxabs,dimensionless (0..1),1594,0.45801948026968753,1.760398296334292e-83,0.4542110105438972,5.831105634063457e-82,0.837308313582183,0.06542468775857223,0.7972803746925972,0.08167685840061717,0.04002793888958595,0.07782337170951999,-0.11250586966107323,0.19256174744024512,0.30506761710131836,0.4900768672229378,3.735055719271068,-0.30173430089683795
2,Tlowamp_range,Tlowamp_range,obs_Tlowamp_range,Tlowamp,range,dimensionless (0..1),1594,0.6831462486275641,1.3890517905150658e-219,0.6677639827543727,2.3262489552637383e-206,0.5528326826787956,0.16178062738526186,0.6320969600941029,0.14262714560823203,-0.07926427741530741,0.12243046459384094,-0.31922798801923563,0.16069943318862084,0.4799274212078565,-0.5557446801398548,3.364909387769143,0.14941926000314626
2,STmean_mean,STmean_mean,obs_STmean_mean,STmean,mean,mV,1594,0.9222626637258857,0.0,0.8668495372743584,0.0,-0.02686582313666374,0.02460098821958306,-0.02248152014653626,0.027431205811924025,-0.004384302990127478,0.010626845565347647,-0.025212920298208867,0.016444314317953908,0.041657234616162775,-0.15982902903311938,1.5186074903807132,-0.11317304148100149
2,STmean_std,STmean_std,obs_STmean_std,STmean,std,mV,1594,0.9276565815494826,0.0,0.8779166094735071,0.0,0.057228092782308664,0.034412130039772386,0.059182707130489336,0.03799720849688422,-0.001954614348180678,0.014214085059035594,-0.029814221063890443,0.025904992367529085,0.05571921343141953,-0.05144099857601268,1.466402813143195,-0.10272933049241798
2,STmean_maxabs,STmean_maxabs,obs_STmean_maxabs,STmean,maxabs,mV,1594,0.8428443316120594,0.0,0.7794440307129988,0.0,0.10624456744542032,0.06890548462778683,0.1108137780966123,0.08797036956065071,-0.00456921065119197,0.047631001530049594,-0.09792597365008916,0.08878755234770523,0.1867135259977944,-0.05194033711591664,2.122459265890269,-0.26345277417628704
2,STmean_range,STmean_range,obs_STmean_range,STmean,range,mV,1594,0.8793597369627493,0.0,0.8420455220439381,0.0,0.17346171450627354,0.1070863658803138,0.18573661912672523,0.12987759569926913,-0.012274904620451695,0.0622510931829734,-0.13428704725907956,0.10973723801817617,0.24402428527725573,-0.09451133241543962,1.8788789857358665,-0.20458685031378085
2,STslope_mean,STslope_mean,obs_STslope_mean,STslope,mean,mV/sample,1594,0.924709773236558,0.0,0.7868305640214766,0.0,0.005627774752466229,0.01052048520125298,0.005403845317242551,0.010177260764710237,0.00022392943522367754,0.004029939230414582,-0.007674751456388903,0.008122610326836258,0.01579736178322516,0.022002918113305625,1.5522213833807508,0.03446237600787644
2,STslope_std,STslope_std,obs_STslope_std,STslope,std,mV/sample,1594,0.95826286313943,0.0,0.8003710835148421,0.0,0.009232711427258539,0.016961164345991646,0.009589710664309884,0.019938406583513875,-0.0003569992370513471,0.006090417358521375,-0.012294217259753241,0.011580218785650546,0.023874436045403787,-0.017905103677970578,1.197409429153904,-0.16478649029297804
2,STslope_maxabs,STslope_maxabs,obs_STslope_maxabs,STslope,maxabs,mV/sample,1594,0.914376593664471,0.0,0.805967458523691,0.0,0.021958705643005474,0.03565281004901786,0.022856786880317823,0.04188677093983706,-0.0008980812373123502,0.017163887082818994,-0.03453929991963758,0.03274313744501287,0.06728243736465045,-0.02144068919999312,1.6062932485602621,-0.16793750754863723
2,STslope_range,STslope_range,obs_STslope_range,STslope,range,mV/sample,1594,0.9444665262042434,0.0,0.7941952133771691,0.0,0.02890544137456182,0.053204550508322304,0.03213471328932036,0.06371581875961695,-0.003229271914758545,0.02206808888160377,-0.046482726122701934,0.04002418229318484,0.08650690841588678,-0.05068242043536692,1.3576990785012844,-0.18489459965320817
2,T_sign_discordance_rate,T_sign_discordance_rate,obs_T_sign_discordance_rate,T_sign_discordance_rate,rate,fraction of leads,1594,0.16574978094009685,2.767052472475691e-11,0.21752917245874792,1.585970183568909e-18,0.37505227938101215,0.17623332791519924,0.23687787536595561,0.14694875287832024,0.13817440401505648,0.20992186386042355,-0.27327244915137366,0.5496212571814867,0.8228937063328603,0.9402897357657108,5.599868595103022,0.30910206029721876
3,Tpeak_mean,Tpeak_mean,obs_Tpeak_mean,Tpeak,mean,mV,1594,0.8521826161420671,0.0,0.9243441856598881,0.0,0.09509669505448556,0.07547130118463864,0.13912255188119824,0.09802591151105051,-0.04402585682671268,0.05192165984803623,-0.1457923101288637,0.05774059647543834,0.20353290660430204,-0.44912468701451064,2.0763174090083076,-0.2803713670751062
3,Tpeak_std,Tpeak_std,obs_Tpeak_std,Tpeak,std,mV,1594,0.8208420437773245,0.0,0.8971581919941013,0.0,0.14642476475721455,0.07246868178759706,0.1848860099799247,0.09721590860813563,-0.03846124522271017,0.056007140649822325,-0.14823524089636192,0.0713127504509416,0.21954799134730352,-0.3956270714677196,2.2583545686156388,-0.3197156549132365
3,Tpeak_maxabs,Tpeak_maxabs,obs_Tpeak_maxabs,Tpeak,maxabs,mV,1594,0.8091769406868882,0.0,0.8552026753354497,0.0,0.33997424549874533,0.194765926341264,0.46658314441217064,0.2621979244753319,-0.12660889891342533,0.1550376770409909,-0.43048274591376745,0.1772649480869168,0.6077476940006843,-0.4828752903623268,2.317896662289798,-0.3255118464048829
3,Tpeak_range,Tpeak_range,obs_Tpeak_range,Tpeak,range,mV,1594,0.8216611723864404,0.0,0.89390611690924,0.0,0.4670999219548306,0.23818144009010014,0.6433221507904642,0.32689562273879347,-0.17622222883563363,0.18878902548296148,-0.5462487187822381,0.19380426111097085,0.740052979893209,-0.5390779703907027,2.263881583035297,-0.34389914474467564
3,Tptime_mean,Tptime_mean,obs_Tptime_mean,Tptime,mean,ms,1594,0.35780344379890083,2.439509435638223e-49,0.4113253709667357,4.0677218496139344e-66,269.65025094102884,39.08910783588209,254.52530322040985,31.027856740452556,15.12494772061899,40.283514565335096,-63.83074082743779,94.08063626867578,157.91137709611357,0.48746350246292863,5.0893420843418,0.33658584859890306
3,Tptime_std,Tptime_std,obs_Tptime_std,Tptime,std,ms,1594,0.2908477558960876,1.9031855071499845e-32,0.2896421753988449,3.5111051813154934e-32,67.36351693057989,26.479687703577213,33.881241804517,22.25822744795414,33.48227512606289,29.219111930410424,-23.78718425754154,90.75173450966732,114.53891876720886,1.504265117442692,5.145913754140232,0.2672972283980618
3,Tptime_maxabs,Tptime_maxabs,obs_Tptime_maxabs,Tptime,maxabs,ms,1594,0.05138823594674482,0.040226291307550954,0.040357367667663596,0.10725445078304754,388.6323713927227,66.37231897939009,314.5796737766625,62.684096132842505,74.05269761606023,88.9212026013225,-100.23285948253188,248.33825471465235,348.5711141971842,1.1813634108901396,5.560758401277401,0.1086461963878591
3,Tptime_range,Tptime_range,obs_Tptime_range,Tptime,range,ms,1594,0.1654535459621792,3.0035605421067014e-11,0.19895839324306777,1.0796283669485003e-15,210.59598494353827,66.73317687145548,118.24341279799248,70.24788660004651,92.35257214554579,88.52589909926621,-81.15819008901599,265.8633343801076,347.02152446912356,1.314666911922225,4.939956791082933,-0.08802160114119263
3,Tarea_mean,Tarea_mean,obs_Tarea_mean,Tarea,mean,mV*s,1594,0.9066873292566946,0.0,0.9182993407266634,0.0,0.007165616793968883,0.007105887057881054,0.010837868390284819,0.008392654004584867,-0.0036722515963159346,0.003575694561410259,-0.010680612936680042,0.0033361097440481723,0.014016722680728214,-0.43755546151548735,1.6701180190522504,-0.1741177735161915
3,Tarea_std,Tarea_std,obs_Tarea_std,Tarea,std,mV*s,1594,0.927675499280753,0.0,0.9017323025624173,0.0,0.012617458273713926,0.01003778451867349,0.015577377553764116,0.010303997411850263,-0.0029599192800501884,0.0038770884815332255,-0.01055901270385531,0.004639174143754933,0.015198186847610243,-0.28725931905282603,1.4749796841108818,-0.027155847690231893
3,Tarea_maxabs,Tarea_maxabs,obs_Tarea_maxabs,Tarea,maxabs,mV*s,1594,0.8947567062033649,0.0,0.8865439534236241,0.0,0.030222480860539525,0.024972178046774693,0.043005357835947305,0.027245666261525473,-0.01278287697540778,0.012181148425378947,-0.03665792788915052,0.011092173938334957,0.04775010182748547,-0.4691710179779642,1.7525760379336,-0.09190403559631871
3,Tarea_range,Tarea_range,obs_Tarea_range,Tarea,range,mV*s,1594,0.8958332978565461,0.0,0.870184744664218,0.0,0.03892556712452948,0.03105688215328665,0.0544123043359473,0.033855549186736354,-0.015486737211417816,0.015062676954798338,-0.045009584042822556,0.014036109619986926,0.059045693662809484,-0.4574357109376055,1.7440477286938212,-0.09095756927917437
3,Tabsarea_mean,Tabsarea_mean,obs_Tabsarea_mean,Tabsarea,mean,mV*s,1594,0.9415520314081582,0.0,0.953323247189565,0.0,0.022626563467189456,0.01009216109204038,0.022625682722772898,0.010312218585923497,8.807444165620628e-07,0.0034948656690144166,-0.006849055966851694,0.006850817455684818,0.013699873422536512,8.540784984564879e-05,1.3285088275026744,-0.022218882055415605
3,Tabsarea_std,Tabsarea_std,obs_Tabsarea_std,Tabsarea,std,mV*s,1594,0.899352404257565,0.0,0.8813690593158747,0.0,0.013861787872120453,0.008443229284568487,0.013862018642785447,0.008823343513569976,-2.3077066499372568e-07,0.0038910766940571215,-0.007626741091016952,0.007626279549686964,0.015253020640703916,-2.6154559735638645e-05,1.7287120939182903,-0.0463608372534084
3,Tabsarea_maxabs,Tabsarea_maxabs,obs_Tabsarea_maxabs,Tabsarea,maxabs,mV*s,1594,0.8846896365907289,0.0,0.8696686969988295,0.0,0.049271678579861984,0.02699331355919944,0.051991397208908406,0.02885633201383772,-0.002719718629046424,0.013531732463474812,-0.029241914257457056,0.023802476999364205,0.05304439125682126,-0.09425032355956449,1.838223625628664,-0.07079251124412492
3,Tabsarea_range,Tabsarea_range,obs_Tabsarea_range,Tabsarea,range,mV*s,1594,0.8754957447883973,0.0,0.8576166270279275,0.0,0.04370755278770389,0.026139471856015995,0.046214202715119196,0.027971194812226458,-0.0025066499274153074,0.013616840457214193,-0.029195657223555126,0.02418235736872451,0.053378014592279636,-0.08961540414139293,1.9083208618942382,-0.07219178423470597
3,Twidth_mean,Twidth_mean,obs_Twidth_mean,Twidth,mean,fraction of T window,1594,0.1115507690524733,8.040539351638713e-06,0.0847040208920454,0.0007111752847315444,0.6986886889052337,0.05840299088439796,0.5144795858030834,0.09871228033549957,0.1842091031021503,0.10894412627397021,-0.029321384394831312,0.3977395905991319,0.4270609749939632,1.8661214438169937,4.326320631460286,-0.87710081558529
3,Twidth_std,Twidth_std,obs_Twidth_std,Twidth,std,fraction of T window,1594,0.2805241655402964,3.276219673219512e-30,0.27521295509914395,4.258983865913747e-29,0.10403619735106585,0.03885444488061236,0.13381823034083204,0.047659518152459654,-0.029782032989766158,0.052365610536356445,-0.1324186296410248,0.07285456366149247,0.20527319330251725,-0.6248916091533994,4.307076555953878,-0.31608123908405916
3,Twidth_maxabs,Twidth_maxabs,obs_Twidth_maxabs,Twidth,maxabs,fraction of T window,1594,0.2436197163819483,5.734552688933762e-23,0.255833094085845,3.079983337716978e-25,0.8600787435642279,0.09108414648238478,0.7811188508631508,0.14138228130678493,0.07895989270107731,0.14836022228194728,-0.21182614297153937,0.369745928373694,0.5815720713452334,0.5584850659591671,4.113472112416138,-0.6766608702966647
3,Twidth_range,Twidth_range,obs_Twidth_range,Twidth,range,fraction of T window,1594,0.24324861369510367,6.691799996445711e-23,0.24556783445445804,2.5391982323196406e-23,0.3688400467269502,0.13401991888057793,0.43659412451866914,0.14285187166868443,-0.06775407779171895,0.170452363728211,-0.40184071069901245,0.2663325551155746,0.668173265814587,-0.47429604526891056,4.677385448363446,-0.10256782136284104
3,Tasym_mean,Tasym_mean,obs_Tasym_mean,Tasym,mean,dimensionless (-1..1),1594,0.27360827751461364,9.142132736811444e-29,0.28545370088092764,2.8803756297238904e-31,0.22896689935359582,0.2394176410556938,0.2412077130977936,0.17656416296584454,-0.012240813744197786,0.2556627806587008,-0.5133398638352514,0.4888582363468558,1.0021981001821072,-0.0693278496529656,5.676112770267982,0.46844719492253944
3,Tasym_std,Tasym_std,obs_Tasym_std,Tasym,std,dimensionless (-1..1),1594,0.2971200538123539,7.4957392259705415e-34,0.29667486507506835,9.455326876040107e-34,0.42178183121327445,0.1617904831417227,0.24563267710040257,0.12547888801420454,0.17614915411287183,0.17279256658770364,-0.1625242763990273,0.5148225846247709,0.6773468610237983,1.4038150712088817,5.398094227190799,0.38644876467690525
3,Tasym_maxabs,Tasym_maxabs,obs_Tasym_maxabs,Tasym,maxabs,dimensionless (-1..1),1594,0.36765391316302953,3.395072806861507e-52,0.4764359132492257,4.1380405285846e-91,0.9078279836675902,0.1479101377448493,0.7170245943583987,0.26976108768671586,0.1908033893091915,0.2555569939373675,-0.3100883188080489,0.6916950974264319,1.0017834162344808,0.7073050859387806,3.7135949622129756,-0.8209476521788528
3,Tasym_range,Tasym_range,obs_Tasym_range,Tasym,range,dimensionless (-1..1),1594,0.1991993721540276,9.959243135304372e-16,0.20095488832532735,5.515119091416603e-16,1.355924713435709,0.42019309154655554,0.8741156783221066,0.4094765453486951,0.4818090351136025,0.5250572349468062,-0.5473031453821376,1.5109212156093426,2.0582243609914803,1.176646234287514,5.0264768138032725,0.043079421209384225
3,Tlowamp_mean,Tlowamp_mean,obs_Tlowamp_mean,Tlowamp,mean,dimensionless (0..1),1594,0.8849055442701741,0.0,0.9074832155122642,0.0,0.5394120728607278,0.11502398926865266,0.4645905450332497,0.1296325715229836,0.07482152782747804,0.06037983335169957,-0.04352294554185311,0.1931660011968092,0.2366889467386623,0.5771815443328788,1.8258447237290036,-0.12668554546743782
3,Tlowamp_std,Tlowamp_std,obs_Tlowamp_std,Tlowamp,std,dimensionless (0..1),1594,0.7650934129630633,1.193034368616712e-306,0.7477076257595691,2.2273386894607935e-285,0.18301208106148056,0.05088312707760561,0.19258673852572147,0.04643616833644405,-0.009574657464240905,0.03361336356395724,-0.07545685004959711,0.0563075351211153,0.1317643851707124,-0.20618965360943697,2.837537847998992,0.10352274438428637
3,Tlowamp_maxabs,Tlowamp_maxabs,obs_Tlowamp_maxabs,Tlowamp,maxabs,dimensionless (0..1),1594,0.4756471685475754,8.9780293456226e-91,0.4699879005458995,2.1932849277639945e-88,0.8296702626913426,0.06818251314774033,0.7972803746925972,0.08167685840061717,0.032389887998745294,0.07760328228873713,-0.11971254528717948,0.18449232128467005,0.30420486657184953,0.39656138388521256,3.7244927452982313,-0.24338615662264612
3,Tlowamp_range,Tlowamp_range,obs_Tlowamp_range,Tlowamp,range,dimensionless (0..1),1594,0.7135716188779577,2.6192347568762814e-248,0.6825573960864697,4.6130659641132815e-219,0.5801698386637391,0.15551019902649585,0.6320969600941029,0.14262714560823203,-0.05192712143036387,0.11345449391225147,-0.2742979294983767,0.170443686637649,0.44474161613602575,-0.3640760053699538,3.118211573536227,0.10083809425892253
3,STmean_mean,STmean_mean,obs_STmean_mean,STmean,mean,mV,1594,0.907610206399484,0.0,0.8465035084408091,0.0,-0.026999131462170634,0.02552339059569416,-0.02248152014653626,0.027431205811924025,-0.004517611315634378,0.011533033210850682,-0.027122356408901715,0.01808713377763296,0.045209490186534675,-0.1646887616464394,1.6481043704933538,-0.07553977715516816
3,STmean_std,STmean_std,obs_STmean_std,STmean,std,mV,1594,0.9240352984707917,0.0,0.8658337698235269,0.0,0.057967571616687585,0.03353367862356233,0.059182707130489336,0.03799720849688422,-0.0012151355138017563,0.014611962372951294,-0.02985458176478629,0.027424310737182777,0.05727889250196907,-0.03197959960404454,1.5074500145626737,-0.1297074824708058
3,STmean_maxabs,STmean_maxabs,obs_STmean_maxabs,STmean,maxabs,mV,1594,0.8344634532361359,0.0,0.7390839241367266,1.827250169411566e-275,0.10796098731179424,0.07202917099336023,0.1108137780966123,0.08797036956065071,-0.0028527907848180673,0.048496847505297834,-0.09790661189520182,0.09220103032556569,0.1901076422207675,-0.03242899625255326,2.161041759517661,-0.2170522618382578
3,STmean_range,STmean_range,obs_STmean_range,STmean,range,mV,1594,0.8760160077771617,0.0,0.8259053483635437,0.0,0.1763261661969887,0.10664822618167635,0.18573661912672523,0.12987759569926913,-0.009410452929736511,0.0630417442966561,-0.13297227175118248,0.11415136589170945,0.2471236376428919,-0.07245632227075072,1.902742627104873,-0.20926931874540475
3,STslope_mean,STslope_mean,obs_STslope_mean,STslope,mean,mV/sample,1594,0.9178559077413876,0.0,0.8048506628736259,0.0,0.004658890518092267,0.009175291415512501,0.005403845317242551,0.010177260764710237,-0.0007449547991502843,0.004042902882904511,-0.008669044449643126,0.0071791348513425566,0.01584817930098568,-0.07319796715177262,1.557214624581441,-0.10797180109871587
3,STslope_std,STslope_std,obs_STslope_std,STslope,std,mV/sample,1594,0.9461035827198964,0.0,0.8045275086523426,0.0,0.008084768870961361,0.016213615542167825,0.009589710664309884,0.019938406583513875,-0.0015049417933485233,0.0069800180751756835,-0.015185777220692863,0.012175893633995816,0.02736167085468868,-0.07547954181017096,1.3723098052034284,-0.2117072347849609
3,STslope_maxabs,STslope_maxabs,obs_STslope_maxabs,STslope,maxabs,mV/sample,1594,0.8870846057797208,0.0,0.811676183601001,0.0,0.01873613983861735,0.03356590329977354,0.022856786880317823,0.04188677093983706,-0.004120647041700479,0.019665897966287697,-0.042665807055624366,0.0344245129722234,0.07709032002784777,-0.09837585827800047,1.840445522491442,-0.23358592866450423
3,STslope_range,STslope_range,obs_STslope_range,STslope,range,mV/sample,1594,0.9239516819470304,0.0,0.7886477083814851,0.0,0.02541618309703887,0.05006232032812909,0.03213471328932036,0.06371581875961695,-0.006718530192281495,0.025914668593971034,-0.05751128063646472,0.044074220251901726,0.10158550088836645,-0.10544524614254343,1.5943529074251068,-0.24934681101060868
3,T_sign_discordance_rate,T_sign_discordance_rate,obs_T_sign_discordance_rate,T_sign_discordance_rate,rate,fraction of leads,1594,0.3409953293306698,1.080061672436959e-44,0.4105802906296374,7.325733014302337e-66,0.3583228774571309,0.19446305146943643,0.23687787536595561,0.14694875287832024,0.12144500209117526,0.19980285064134812,-0.27016858516586706,0.5130585893482176,0.7832271745140846,0.8264445918213191,5.329934138077577,0.4112106764517731
4,Tpeak_mean,Tpeak_mean,obs_Tpeak_mean,Tpeak,mean,mV,1594,0.8735496814046051,0.0,0.9476883130470112,0.0,0.0965785964975188,0.07313264448164893,0.13912255188119824,0.09802591151105051,-0.04254395538367943,0.049322334073704864,-0.13921573016814096,0.054127819400782096,0.19334354956892305,-0.43400724081900965,1.9723718615677175,-0.31006909646268926
4,Tpeak_std,Tpeak_std,obs_Tpeak_std,Tpeak,std,mV,1594,0.8460409498586599,0.0,0.9147899766074143,0.0,0.14007856504203262,0.07204381136631191,0.1848860099799247,0.09721590860813563,-0.0448074449378921,0.05282265310508109,-0.14833984502385103,0.05872495514806683,0.20706480017191786,-0.46090650778675474,2.129947692065179,-0.32165039887739855
4,Tpeak_maxabs,Tpeak_maxabs,obs_Tpeak_maxabs,Tpeak,maxabs,mV,1594,0.8393918908202027,0.0,0.8822392353214761,0.0,0.33523088168569637,0.1935213966190123,0.46658314441217064,0.2621979244753319,-0.1313522627264743,0.14496643830268416,-0.41548648179973524,0.15278195634678662,0.5682684381465218,-0.500966065956911,2.167326226108192,-0.32706665868415874
4,Tpeak_range,Tpeak_range,obs_Tpeak_range,Tpeak,range,mV,1594,0.8449504455602794,0.0,0.9123735301561706,0.0,0.44855445629234625,0.2361504675947621,0.6433221507904642,0.32689562273879347,-0.19476769449811795,0.1793690771484117,-0.5463310857090049,0.15679569671276897,0.7031267824217738,-0.5958100413407721,2.150921375241566,-0.3486645343281978
4,Tptime_mean,Tptime_mean,obs_Tptime_mean,Tptime,mean,ms,1594,0.37317907783056614,7.662347698711436e-54,0.44403228477428436,5.433232753475949e-78,268.5633626097867,37.20842648784053,254.52530322040985,31.027856740452556,14.038059389376834,38.54252329136172,-61.50528626169213,89.58140504044579,151.08669130213792,0.45243406616206006,4.8693885809121555,0.26285884886201605
4,Tptime_std,Tptime_std,obs_Tptime_std,Tptime,std,ms,1594,0.29387240293940164,4.041241366605713e-33,0.3044865890864773,1.5129576355200791e-35,67.49971475046867,27.334348227873544,33.881241804517,22.25822744795414,33.618472945951666,29.749000513642624,-24.689568060787877,91.92651395269121,116.61608201347909,1.510384105138691,5.239234898024093,0.31463550210436325
4,Tptime_maxabs,Tptime_maxabs,obs_Tptime_maxabs,Tptime,maxabs,ms,1594,0.06331388551076027,0.011459797195934023,0.021115962994691227,0.3995160222974904,399.49811794228356,65.82519077325266,314.5796737766625,62.684096132842505,84.91844416562108,87.97591192085505,-87.51434319925482,257.351231530497,344.8655747297518,1.3547047720949619,5.5016438938339265,0.09190021114122597
4,Tptime_range,Tptime_range,obs_Tptime_range,Tptime,range,ms,1594,0.2027229773398322,3.024423851557541e-16,0.24094609842610062,1.7337746183464302e-22,211.45545796737767,69.4567898820045,118.24341279799248,70.24788660004651,93.21204516938519,88.2086293424788,-79.67686834187325,266.10095868064366,345.7778270225169,1.32690177143811,4.922252380220189,-0.01883231851676086
4,Tarea_mean,Tarea_mean,obs_Tarea_mean,Tarea,mean,mV*s,1594,0.9246268632454326,0.0,0.9476197249583274,0.0,0.007993579591187482,0.00698114758468887,0.010837868390284819,0.008392654004584867,-0.002844288799097335,0.0032900802785252536,-0.009292846145006832,0.003604268546812162,0.012897114691818994,-0.33890218726323207,1.5367146893906698,-0.1907531366096989
4,Tarea_std,Tarea_std,obs_Tarea_std,Tarea,std,mV*s,1594,0.9318921323847686,0.0,0.9021677031507878,0.0,0.01249834243437892,0.009241937554866105,0.015577377553764116,0.010303997411850263,-0.0030790351193851944,0.0037549495145043628,-0.010438736167813746,0.0042806659290433565,0.014719402096857102,-0.2988194771714621,1.4285137610699357,-0.11249273082700802
4,Tarea_maxabs,Tarea_maxabs,obs_Tarea_maxabs,Tarea,maxabs,mV*s,1594,0.8996482942424615,0.0,0.8769985323218628,0.0,0.03066596620476788,0.022813246648616902,0.043005357835947305,0.027245666261525473,-0.012339391631179425,0.012016487776075613,-0.03589170767228762,0.011212924409928776,0.0471046320822164,-0.4528937377686483,1.7288853071188957,-0.1863658832696965
4,Tarea_range,Tarea_range,obs_Tarea_range,Tarea,range,mV*s,1594,0.9010878587487026,0.0,0.8711603138575411,0.0,0.03908745661762861,0.028804689027605256,0.0544123043359473,0.033855549186736354,-0.015324847718318694,0.014779348598627643,-0.04429237097162887,0.013642675534991487,0.05793504650662036,-0.45265393964787715,1.7112422600817734,-0.1695447370847581
4,Tabsarea_mean,Tabsarea_mean,obs_Tabsarea_mean,Tabsarea,mean,mV*s,1594,0.9628217454956178,0.0,0.9696544921327805,0.0,0.021309205545734004,0.009801027311628683,0.022625682722772898,0.010312218585923497,-0.0013164771770388956,0.0027886473187774125,-0.006782225921842624,0.004149271567764833,0.010931497489607457,-0.1276618766436864,1.0600529263925123,-0.05179347924167589
4,Tabsarea_std,Tabsarea_std,obs_Tabsarea_std,Tabsarea,std,mV*s,1594,0.926608628518375,0.0,0.9148814589965545,0.0,0.0134225256187202,0.008110380461345566,0.013862018642785447,0.008823343513569976,-0.0004394930240652447,0.0033184617160711746,-0.006943677987564747,0.0060646919394342575,0.013008369926999004,-0.049810258819609675,1.4743129865671232,-0.0874081064784141
4,Tabsarea_maxabs,Tabsarea_maxabs,obs_Tabsarea_maxabs,Tabsarea,maxabs,mV*s,1594,0.9111237930469904,0.0,0.897773772903142,0.0,0.047381584167503134,0.025893554365799674,0.051991397208908406,0.02885633201383772,-0.00460981304140527,0.011899302967609911,-0.027932446857920692,0.018712820775110155,0.04664526763303085,-0.15975048523820307,1.6164655858084336,-0.11324730325832011
4,Tabsarea_range,Tabsarea_range,obs_Tabsarea_range,Tabsarea,range,mV*s,1594,0.9032563453420418,0.0,0.8893668203735837,0.0,0.04211548164579674,0.02492383891215981,0.046214202715119196,0.027971194812226458,-0.004098721069322459,0.012007329816162999,-0.02763308750900194,0.019435645370357017,0.047068732879358956,-0.14653364280065975,1.682757322142878,-0.12105917812178828
4,Twidth_mean,Twidth_mean,obs_Twidth_mean,Twidth,mean,fraction of T window,1594,0.14884440239579266,2.3546986957565706e-09,0.1269266857909164,3.692981513908165e-07,0.6894334357288107,0.05654726862533877,0.5144795858030834,0.09871228033549957,0.17495384992572727,0.10620751297085515,-0.033212875497148825,0.38312057534860333,0.4163334508457522,1.7723615474295673,4.217645964926894,-0.8965760974362375
4,Twidth_std,Twidth_std,obs_Twidth_std,Twidth,std,fraction of T window,1594,0.31321364345846414,1.2811438322907415e-37,0.3076904872701081,2.6742906625936477e-36,0.10839968917659196,0.039266588176600684,0.13381823034083204,0.047659518152459654,-0.02541854116424008,0.051390484379484666,-0.12614389054803002,0.07530680821954987,0.2014506987675799,-0.5333360921301773,4.2268723347800625,-0.2926683439851156
4,Twidth_maxabs,Twidth_maxabs,obs_Twidth_maxabs,Twidth,maxabs,fraction of T window,1594,0.28560853343255777,2.6664755113152433e-31,0.29445356619159113,2.9941463397001407e-33,0.8573746376498074,0.09049535716343715,0.7811188508631508,0.14138228130678493,0.07625578678665687,0.14446437838392578,-0.2068943948458377,0.3594059684191514,0.5663003632649891,0.5393588650701547,4.005454983684808,-0.6650107956276561
4,Twidth_range,Twidth_range,obs_Twidth_range,Twidth,range,fraction of T window,1594,0.2656269581292766,3.785949474952496e-27,0.2697094977743164,5.725512077338902e-28,0.37182537965647033,0.1275239607481351,0.43659412451866914,0.14285187166868443,-0.06476874486219876,0.16428982267297393,-0.38677679730122766,0.25723930757683017,0.6440161048780578,-0.45339794365744507,4.508279082067058,-0.17883817855010273
4,Tasym_mean,Tasym_mean,obs_Tasym_mean,Tasym,mean,dimensionless (-1..1),1594,0.2791670172137823,6.343736680440096e-30,0.2832463904718348,8.60793296607906e-31,0.20710327489546762,0.2250640248792193,0.2412077130977936,0.17656416296584454,-0.03410443820232597,0.24421610599447088,-0.5127680059514889,0.44455912954683696,0.9573271354983258,-0.1931560608305509,5.421978726699574,0.3745370806072354
4,Tasym_std,Tasym_std,obs_Tasym_std,Tasym,std,dimensionless (-1..1),1594,0.318679247739848,5.940687611688127e-39,0.32367860209481364,3.382883686909295e-40,0.4255664537259126,0.16966889157549261,0.24563267710040257,0.12547888801420454,0.17993377662551005,0.1759636568050488,-0.1649549907123856,0.5248225439634057,0.6897775346757913,1.4339764997370799,5.497160084792165,0.4489565031964682
4,Tasym_maxabs,Tasym_maxabs,obs_Tasym_maxabs,Tasym,maxabs,dimensionless (-1..1),1594,0.3510671832909182,1.920579419430221e-47,0.4774706003362002,1.4934144039341492e-91,0.8912653089635345,0.16570117191684777,0.7170245943583987,0.26976108768671586,0.1742407146051358,0.2623789384478408,-0.3400220047526322,0.6885034339629038,1.028525438715536,0.6459075180164174,3.812727208121295,-0.6885963916917095
4,Tasym_range,Tasym_range,obs_Tasym_range,Tasym,range,dimensionless (-1..1),1594,0.23044885084281208,1.1728358195429391e-20,0.23622757719821003,1.1823527308492117e-21,1.372969526616757,0.4548292170726236,0.8741156783221066,0.4094765453486951,0.49885384829465046,0.5373101486340041,-0.5542740430279973,1.5519817396172984,2.1062557826452957,1.218272093874986,5.143776381261803,0.1702882420706689
4,Tlowamp_mean,Tlowamp_mean,obs_Tlowamp_mean,Tlowamp,mean,dimensionless (0..1),1594,0.904616497203903,0.0,0.9229556450039164,0.0,0.5554710987264743,0.1157921933138571,0.4645905450332497,0.1296325715229836,0.09088055369322459,0.055272531321825136,-0.01745360769755268,0.19921471508400185,0.21666832278155454,0.7010626467215583,1.6714034153302255,-0.11841667459818515
4,Tlowamp_std,Tlowamp_std,obs_Tlowamp_std,Tlowamp,std,dimensionless (0..1),1594,0.8064678869023936,0.0,0.788505286980112,0.0,0.18555003819008783,0.05321807497767366,0.19258673852572147,0.04643616833644405,-0.007036700335633626,0.031662662651651484,-0.06909551913287054,0.055022118461603285,0.12411763759447382,-0.1515349045306798,2.6728656140447264,0.15061572765392228
4,Tlowamp_maxabs,Tlowamp_maxabs,obs_Tlowamp_maxabs,Tlowamp,maxabs,dimensionless (0..1),1594,0.542842735871568,7.6182551547063e-123,0.5248647044096104,1.5094864600115613e-113,0.8365849142534505,0.06353323563977191,0.7972803746925972,0.08167685840061717,0.0393045395608532,0.07123024293531485,-0.10030673659236392,0.1789158157140703,0.2792225523064342,0.48122002156434807,3.418625027628687,-0.3224490872400392
4,Tlowamp_range,Tlowamp_range,obs_Tlowamp_range,Tlowamp,range,dimensionless (0..1),1594,0.7584332517425489,2.745127685800122e-298,0.7244677665871403,1.567905330695364e-259,0.5807645197867001,0.15536512823618254,0.6320969600941029,0.14262714560823203,-0.051332440307402756,0.1042504145380988,-0.2556632528020764,0.1529983721872709,0.40866162498934727,-0.359906524725683,2.865244363172339,0.09721219522710874
4,STmean_mean,STmean_mean,obs_STmean_mean,STmean,mean,mV,1594,0.9447431508435902,0.0,0.9045366017106716,0.0,-0.025326202812164363,0.02369556115239531,-0.02248152014653626,0.027431205811924025,-0.002844682665628105,0.009262219141820559,-0.0209986321835964,0.01530926685234019,0.03630789903593659,-0.10370242872777961,1.323598360381007,-0.15026197590787468
4,STmean_std,STmean_std,obs_STmean_std,STmean,std,mV,1594,0.9390571442367708,0.0,0.9065235164012945,0.0,0.05652237425439146,0.03187389041050319,0.059182707130489336,0.03799720849688422,-0.002660332876097867,0.013605627818094386,-0.02932736339956286,0.02400669764736713,0.05333406104692999,-0.07001390316122867,1.4036310338772227,-0.18073980533848155
4,STmean_maxabs,STmean_maxabs,obs_STmean_maxabs,STmean,maxabs,mV,1594,0.8612561073573153,0.0,0.8024222433580436,0.0,0.10457515483751569,0.06584862870391676,0.1108137780966123,0.08797036956065071,-0.0062386232590966135,0.04579064028932098,-0.09598827822616574,0.0835110317079725,0.17949930993413823,-0.07091732466572653,2.0404519252403888,-0.30859870573031045
4,STmean_range,STmean_range,obs_STmean_range,STmean,range,mV,1594,0.8958554907970138,0.0,0.8671727293711986,0.0,0.1716913301631117,0.09993633500035815,0.18573661912672523,0.12987759569926913,-0.01404528896361355,0.05999970428165051,-0.13164470935564854,0.10355413142842144,0.23519884078407,-0.10814250824395719,1.8109269694880374,-0.27462731422624553
4,STslope_mean,STslope_mean,obs_STslope_mean,STslope,mean,mV/sample,1594,0.9237257990801551,0.0,0.7802118712399595,0.0,0.0041230244366793865,0.00915812609691664,0.005403845317242551,0.010177260764710237,-0.0012808208805631651,0.00390600229789879,-0.008936585384444792,0.006374943623318463,0.015311529007763256,-0.125851239363388,1.5044842970768864,-0.10958413795758647
4,STslope_std,STslope_std,obs_STslope_std,STslope,std,mV/sample,1594,0.9591922626718334,0.0,0.8045947071426166,0.0,0.007994167105004578,0.017035489220857306,0.009589710664309884,0.019938406583513875,-0.0015955435593053078,0.0060123608504096615,-0.013379770826108245,0.010188683707497629,0.023568454533605874,-0.08002362438654387,1.1820630918968977,-0.16027531426049837
4,STslope_maxabs,STslope_maxabs,obs_STslope_maxabs,STslope,maxabs,mV/sample,1594,0.9133566997021678,0.0,0.7872169731179298,0.0,0.017547878093840542,0.033279360013221654,0.022856786880317823,0.04188677093983706,-0.005308908786477285,0.017766343656229564,-0.04013094235268723,0.029513124779732655,0.06964406713241988,-0.12674428387193165,1.6626745287301157,-0.2392525545460946
4,STslope_range,STslope_range,obs_STslope_range,STslope,range,mV/sample,1594,0.9442085826211482,0.0,0.7868244278630392,0.0,0.025119282543085736,0.052275014148915444,0.03213471328932036,0.06371581875961695,-0.007015430746234627,0.022417538125354186,-0.05095380547192883,0.036922943979459576,0.0878767494513884,-0.11010500818802949,1.3791983083969195,-0.20287512755339393
4,T_sign_discordance_rate,T_sign_discordance_rate,obs_T_sign_discordance_rate,T_sign_discordance_rate,rate,fraction of leads,1594,0.4664433360265894,6.516457893785727e-87,0.51151597016782,5.3544039875755345e-107,0.3214659138435801,0.1769513654016409,0.23687787536595561,0.14694875287832024,0.08458803847762443,0.16925741487826912,-0.24715649468378303,0.41633257163903187,0.6634890663228149,0.5756295090688309,4.515105118804321,0.2518772737138583
