index,name,group,physiological_meaning,bound_lo,bound_hi,bound_center,bound_radius,units,unit_short,ident_score_seed42,ident_score_5seed_mean,ident_score_5seed_sd,ident_score_5seed_min,ident_score_5seed_max,ident_score_5seed_cv,crb_12lead_seed42_scaled,crb_12lead_5seed_mean_scaled,crb_12lead_seed42_physical,crb_physical_unit,crb_units_note,strongest_coupling_partner,partner_corr_seed42,partner_abs_corr_seed42,partner_abs_corr_5seed_mean,partner_same_in_n_of_5_seeds,max_abs_fisher_corr_5seed_mean,clinical_interpretation_in_manuscript,interpreting_descriptor,tier_R1_group_mean_cv,tier_R2_min_across_seeds,tier_R3_per_param_cv,tier_R4_mean_only,tier_R5_min_and_cv,tier_recommended,one_sigma_pct_of_admissible_range_seed42,one_sigma_pct_of_admissible_range_5seed_mean,notes
0,delta_root,delta_root,Activation onset of the graph root (SA / atrial source) relative to the R peak; a global time origin for the whole activation sequence,-0.24,-0.12,-0.18,0.06,"s (seconds, physical parameter unit)",s,13.7208292742643,9.369689194413443,4.119480803980387,3.4300825384865603,13.7208292742643,0.4396603471582147,0.07288189219551522,0.1366747871081236,0.004372913531730913,s,scaled = standard deviation in units of the parameter's own bound radius (half-width); physical = scaled x bound_radius,edge_prox0,-0.5931832899826476,0.5931832899826476,0.8055839780619571,5,0.8055839780619571,no,"global time origin; cancels from every dispersion descriptor (D_act, Tend_disp, Sync_rep) and the beat is R-peak aligned",B_weakly_identifiable,B_weakly_identifiable,B_weakly_identifiable,B_weakly_identifiable,B_weakly_identifiable,B_weakly_identifiable,3.644094609775761,6.8337393554061805,
1,edge_prox0,edge_prox,conduction delay on graph edge e0 (SA/atrium -> AV/His); carries the AV-nodal delay (PR-segment analogue),0.04,0.2,0.12000000000000001,0.08,"s (seconds, physical parameter unit)",s,9.992699947960896,9.267291284514705,3.8726732569577003,4.554419847519642,15.034322891432115,0.4178862127090784,0.10007305385008176,0.12581223269244687,0.008005844308006542,s,scaled = standard deviation in units of the parameter's own bound radius (half-width); physical = scaled x bound_radius,delta_root,-0.5931832899827318,0.5931832899827318,0.805583978061976,4,0.8198911441826999,negative example only,prox_delay = e0 + e1; manuscript reports it as seed-unstable (sign flip) and explicitly NOT claim-supporting,B_weakly_identifiable,B_weakly_identifiable,B_weakly_identifiable,B_weakly_identifiable,B_weakly_identifiable,B_weakly_identifiable,5.0036526925040885,6.290611634622343,
2,edge_prox1,edge_prox,conduction delay on graph edge e1 (AV/His -> septum); His-Purkinje entry into the septum,0.005,0.06,0.0325,0.0275,"s (seconds, physical parameter unit)",s,2.3188657407044717,8.932984331317524,7.3805938053350095,2.3188657407044717,18.122078702653354,0.8262181519181561,0.43124532069553967,0.20406863875551579,0.011859246319127341,s,scaled = standard deviation in units of the parameter's own bound radius (half-width); physical = scaled x bound_radius,edge_leaf2,-0.8388706969431646,0.8388706969431646,0.32404611075935225,1,0.6100951507794155,negative example only,prox_delay = e0 + e1; manuscript reports it as seed-unstable (sign flip) and explicitly NOT claim-supporting,B_weakly_identifiable,B_weakly_identifiable,B_weakly_identifiable,B_weakly_identifiable,B_weakly_identifiable,B_weakly_identifiable,21.562266034776982,10.20343193777579,per-parameter CV 82.6% - not seed-stable at the parameter level
3,edge_leaf0,edge_leaf,conduction delay on graph edge e2 (septum -> RV); fascicular / branch delay to that ventricular wall,0.005,0.07,0.037500000000000006,0.0325,"s (seconds, physical parameter unit)",s,3.349120265991452,27.788010305378755,16.018550424324435,3.349120265991452,42.85824669820107,0.5764554658029554,0.29858587347682675,0.08490167110784194,0.00970404088799687,s,scaled = standard deviation in units of the parameter's own bound radius (half-width); physical = scaled x bound_radius,edge_leaf2,0.9971667423844167,0.9971667423844167,0.7545002214291288,1,0.9466514217508399,indirect only,"enters D_act / leaf_delay_spread / vent_delta_spread, which are computed but not interpreted; conduction is interpreted via QRS duration measured on the reconstructed waveform instead",B_weakly_identifiable,B_weakly_identifiable,B_weakly_identifiable,A_strongly_identifiable,B_weakly_identifiable,B_weakly_identifiable,14.929293673841338,4.245083555392097,locked seed 42 is an outlier vs the five-seed distribution (3.35 vs 27.79+-16.02)
4,edge_leaf1,edge_leaf,conduction delay on graph edge e3 (septum -> LV-ant); fascicular / branch delay to that ventricular wall,0.005,0.07,0.037500000000000006,0.0325,"s (seconds, physical parameter unit)",s,3.37439279169126,30.31720468609418,20.09163613867728,3.37439279169126,54.91391148024043,0.6627140050247727,0.2963496136141269,0.08405006487351681,0.009631362442459126,s,scaled = standard deviation in units of the parameter's own bound radius (half-width); physical = scaled x bound_radius,edge_leaf2,0.9991927929275755,0.9991927929275755,0.84215951241268,1,0.9226511981633465,indirect only,"enters D_act / leaf_delay_spread / vent_delta_spread, which are computed but not interpreted; conduction is interpreted via QRS duration measured on the reconstructed waveform instead",B_weakly_identifiable,B_weakly_identifiable,B_weakly_identifiable,A_strongly_identifiable,B_weakly_identifiable,B_weakly_identifiable,14.817480680706346,4.2025032436758405,per-parameter CV 66.3% - not seed-stable at the parameter level
5,edge_leaf2,edge_leaf,conduction delay on graph edge e4 (septum -> LV-lat); fascicular / branch delay to that ventricular wall,0.005,0.07,0.037500000000000006,0.0325,"s (seconds, physical parameter unit)",s,3.381334505556021,30.75126665247904,20.329884165535713,3.381334505556021,56.4426302948187,0.6611072121120839,0.29574122239513884,0.08338931613694543,0.009611589727842013,s,scaled = standard deviation in units of the parameter's own bound radius (half-width); physical = scaled x bound_radius,edge_leaf4,0.9995581812381212,0.9995581812381212,0.7050969599810728,2,0.8618391803779311,indirect only,"enters D_act / leaf_delay_spread / vent_delta_spread, which are computed but not interpreted; conduction is interpreted via QRS duration measured on the reconstructed waveform instead",B_weakly_identifiable,B_weakly_identifiable,B_weakly_identifiable,A_strongly_identifiable,B_weakly_identifiable,B_weakly_identifiable,14.787061119756942,4.169465806847271,per-parameter CV 66.1% - not seed-stable at the parameter level
6,edge_leaf3,edge_leaf,conduction delay on graph edge e5 (septum -> LV-inf); fascicular / branch delay to that ventricular wall,0.005,0.07,0.037500000000000006,0.0325,"s (seconds, physical parameter unit)",s,3.368997252566708,23.384192094204728,14.342251119279783,3.368997252566708,42.87514292545095,0.613331051229014,0.29682422543922793,0.09021710091941305,0.009646787326774908,s,scaled = standard deviation in units of the parameter's own bound radius (half-width); physical = scaled x bound_radius,edge_leaf1,0.998310500197028,0.998310500197028,0.6354252139960058,1,0.7576991873728212,indirect only,"enters D_act / leaf_delay_spread / vent_delta_spread, which are computed but not interpreted; conduction is interpreted via QRS duration measured on the reconstructed waveform instead",B_weakly_identifiable,B_weakly_identifiable,B_weakly_identifiable,A_strongly_identifiable,B_weakly_identifiable,B_weakly_identifiable,14.841211271961397,4.5108550459706525,per-parameter CV 61.3% - not seed-stable at the parameter level
7,edge_leaf4,edge_leaf,conduction delay on graph edge e6 (septum -> apex); fascicular / branch delay to that ventricular wall,0.005,0.07,0.037500000000000006,0.0325,"s (seconds, physical parameter unit)",s,3.3676554418931435,27.46252209668545,16.414908178615907,3.3676554418931435,46.16438971952563,0.5977203448694568,0.29694249226335495,0.08524528308331418,0.009650630998559036,s,scaled = standard deviation in units of the parameter's own bound radius (half-width); physical = scaled x bound_radius,edge_leaf2,0.9995581812381212,0.9995581812381212,0.7050969599810728,1,0.8975206294111594,indirect only,"enters D_act / leaf_delay_spread / vent_delta_spread, which are computed but not interpreted; conduction is interpreted via QRS duration measured on the reconstructed waveform instead",B_weakly_identifiable,B_weakly_identifiable,B_weakly_identifiable,A_strongly_identifiable,B_weakly_identifiable,B_weakly_identifiable,14.847124613167747,4.262264154165709,
8,APD0,APD,Equivalent action-potential duration of node 0 (SA / atrial source (graph root)),0.08,0.18,0.13,0.049999999999999996,"s (seconds, physical parameter unit)",s,1.397803490657734,1.546459470262843,0.715218012803104,1.1272041728263495,2.812887203609879,0.46248739560018504,0.7154081433359791,0.7257806785800687,0.035770407166798954,s,scaled = standard deviation in units of the parameter's own bound radius (half-width); physical = scaled x bound_radius,q0,-0.5583312404870985,0.5583312404870985,0.3508019936303829,2,0.5279000568203539,no,atrial / AV-node APD; enters no interpreted descriptor (D_rep and mean_vent_APD are ventricular-only),A_strongly_identifiable,B_weakly_identifiable,B_weakly_identifiable,B_weakly_identifiable,B_weakly_identifiable,B_weakly_identifiable,35.770407166798954,36.28903392900343,
9,APD1,APD,Equivalent action-potential duration of node 1 (AV node - His entry),0.08,0.18,0.13,0.049999999999999996,"s (seconds, physical parameter unit)",s,2.9325904262093885,2.891383394393264,0.7114617224961721,1.9282839657046995,3.797684095725439,0.24606274071981632,0.34099545271058573,0.3648376734321541,0.017049772635529287,s,scaled = standard deviation in units of the parameter's own bound radius (half-width); physical = scaled x bound_radius,edge_prox0,-0.508506735079599,0.508506735079599,0.29348117242970484,1,0.44560767039694166,no,atrial / AV-node APD; enters no interpreted descriptor (D_rep and mean_vent_APD are ventricular-only),A_strongly_identifiable,B_weakly_identifiable,B_weakly_identifiable,B_weakly_identifiable,B_weakly_identifiable,B_weakly_identifiable,17.049772635529287,18.241883671607706,
10,APD2,APD,Equivalent action-potential duration of node 2 (interventricular septum),0.18,0.45,0.315,0.135,"s (seconds, physical parameter unit)",s,2.9484772025589816,10.762373269259367,7.9295138525505156,2.9484772025589816,24.15328837305269,0.7367811591519163,0.3391581251271336,0.14371681477603887,0.04578634689216304,s,scaled = standard deviation in units of the parameter's own bound radius (half-width); physical = scaled x bound_radius,alpha_ST0,-0.39430034974399336,0.39430034974399336,0.387241843380818,3,0.4213128777913198,stated theta-domain result,"node-level APD dispersion D_rep (max-min APD over ventricular nodes); manuscript reports it as LOWER in STTC, used as the counter-constructive finding",A_strongly_identifiable,B_weakly_identifiable,B_weakly_identifiable,B_weakly_identifiable,B_weakly_identifiable,B_weakly_identifiable,16.95790625635668,7.185840738801944,per-parameter CV 73.7% - not seed-stable at the parameter level
11,APD3,APD,Equivalent action-potential duration of node 3 (right-ventricular free wall),0.18,0.45,0.315,0.135,"s (seconds, physical parameter unit)",s,25.87130415849734,20.711731730963752,2.9374260847634583,18.496925868609917,25.87130415849734,0.14182426283419108,0.03865286395589584,0.0489560147584076,0.005218136634045938,s,scaled = standard deviation in units of the parameter's own bound radius (half-width); physical = scaled x bound_radius,alpha_ST1,-0.4908530691067971,0.4908530691067971,0.4202475747551394,2,0.5279503765876848,stated theta-domain result,"node-level APD dispersion D_rep (max-min APD over ventricular nodes); manuscript reports it as LOWER in STTC, used as the counter-constructive finding",A_strongly_identifiable,A_strongly_identifiable,A_strongly_identifiable,A_strongly_identifiable,A_strongly_identifiable,A_strongly_identifiable,1.9326431977947918,2.44780073792038,locked seed 42 is an outlier vs the five-seed distribution (25.87 vs 20.71+-2.94)
12,APD4,APD,Equivalent action-potential duration of node 4 (LV anterior wall),0.18,0.45,0.315,0.135,"s (seconds, physical parameter unit)",s,42.49066880312061,29.665453725059443,15.767746274797874,7.565094938940335,46.31557774443191,0.5315187969459004,0.023534578959758752,0.05129584237926795,0.003177168159567432,s,scaled = standard deviation in units of the parameter's own bound radius (half-width); physical = scaled x bound_radius,alpha_ST2,-0.4103847512542888,0.4103847512542888,0.3809340851132256,2,0.5261065538512257,stated theta-domain result,"node-level APD dispersion D_rep (max-min APD over ventricular nodes); manuscript reports it as LOWER in STTC, used as the counter-constructive finding",A_strongly_identifiable,B_weakly_identifiable,B_weakly_identifiable,A_strongly_identifiable,B_weakly_identifiable,B_weakly_identifiable,1.1767289479879377,2.5647921189633975,
13,APD5,APD,Equivalent action-potential duration of node 5 (LV lateral wall),0.18,0.45,0.315,0.135,"s (seconds, physical parameter unit)",s,15.67400644358604,23.291922724567144,9.80040057572324,15.67400644358604,38.72727656228429,0.42076391423822956,0.06379989721193524,0.04833754073121832,0.008612986123611258,s,scaled = standard deviation in units of the parameter's own bound radius (half-width); physical = scaled x bound_radius,alpha_ST3,-0.41285207515172495,0.41285207515172495,0.3913799197255708,2,0.47935175607396585,stated theta-domain result,"node-level APD dispersion D_rep (max-min APD over ventricular nodes); manuscript reports it as LOWER in STTC, used as the counter-constructive finding",A_strongly_identifiable,A_strongly_identifiable,B_weakly_identifiable,A_strongly_identifiable,A_strongly_identifiable,A_strongly_identifiable,3.1899948605967623,2.416877036560916,
14,APD6,APD,Equivalent action-potential duration of node 6 (LV inferior wall),0.18,0.45,0.315,0.135,"s (seconds, physical parameter unit)",s,9.627529335373698,10.64375695124746,5.0183343842085915,3.052166326290047,16.903447375019052,0.4714814897779527,0.10386880841025081,0.1319957441129542,0.01402228913538386,s,scaled = standard deviation in units of the parameter's own bound radius (half-width); physical = scaled x bound_radius,APD3,-0.4725526051328161,0.4725526051328161,0.19589968649676082,1,0.4777208937876223,stated theta-domain result,"node-level APD dispersion D_rep (max-min APD over ventricular nodes); manuscript reports it as LOWER in STTC, used as the counter-constructive finding",A_strongly_identifiable,B_weakly_identifiable,B_weakly_identifiable,B_weakly_identifiable,B_weakly_identifiable,B_weakly_identifiable,5.193440420512541,6.59978720564771,
15,APD7,APD,Equivalent action-potential duration of node 7 (LV apex),0.18,0.45,0.315,0.135,"s (seconds, physical parameter unit)",s,24.89328863353728,28.101154768164854,8.522763392639522,19.908270990949056,38.513768590186544,0.3032887247144293,0.04017147009868186,0.03821385777436692,0.005423148463322052,s,scaled = standard deviation in units of the parameter's own bound radius (half-width); physical = scaled x bound_radius,alpha_ST5,-0.47837399778526396,0.47837399778526396,0.41570164246443575,3,0.4651034528449037,stated theta-domain result,"node-level APD dispersion D_rep (max-min APD over ventricular nodes); manuscript reports it as LOWER in STTC, used as the counter-constructive finding",A_strongly_identifiable,A_strongly_identifiable,A_strongly_identifiable,A_strongly_identifiable,A_strongly_identifiable,A_strongly_identifiable,2.008573504934093,1.910692888718346,
16,tau_dep0,tau_dep,Depolarization (upstroke) time constant tau_dep of node 0 (SA / atrial source (graph root)); sets the QRS-limb slope contributed by that node,0.007,0.026,0.0165,0.0095,"s (seconds, physical parameter unit)",s,2.671779902307409,2.0473147263740157,0.6985970303154233,0.943651770717642,2.671779902307409,0.3412260075678269,0.37428232734903705,0.5642658348685725,0.003555682109815852,s,scaled = standard deviation in units of the parameter's own bound radius (half-width); physical = scaled x bound_radius,q0,0.7226631191574326,0.7226631191574326,0.5732130864418234,4,0.5738147510505968,indirect only,"shapes the reconstructed beat from which the interpreted ECG-domain descriptors (QRS duration, T-peak amplitude, T-wave sign discordance) are measured; never read as a clinical quantity on its own",A_strongly_identifiable,B_weakly_identifiable,B_weakly_identifiable,B_weakly_identifiable,B_weakly_identifiable,B_weakly_identifiable,18.71411636745185,28.213291743428627,
17,tau_dep1,tau_dep,Depolarization (upstroke) time constant tau_dep of node 1 (AV node - His entry); sets the QRS-limb slope contributed by that node,0.007,0.026,0.0165,0.0095,"s (seconds, physical parameter unit)",s,2.336205436268348,5.806041735495682,4.739962697584936,2.27647678915549,12.160207602462238,0.8163845376113661,0.42804454799887515,0.28732060876211407,0.004066423205989314,s,scaled = standard deviation in units of the parameter's own bound radius (half-width); physical = scaled x bound_radius,q1,0.5476048598888767,0.5476048598888767,0.43879161363110175,4,0.4586376179901161,indirect only,"shapes the reconstructed beat from which the interpreted ECG-domain descriptors (QRS duration, T-peak amplitude, T-wave sign discordance) are measured; never read as a clinical quantity on its own",A_strongly_identifiable,B_weakly_identifiable,B_weakly_identifiable,B_weakly_identifiable,B_weakly_identifiable,B_weakly_identifiable,21.402227399943758,14.366030438105703,per-parameter CV 81.6% - not seed-stable at the parameter level
18,tau_dep2,tau_dep,Depolarization (upstroke) time constant tau_dep of node 2 (interventricular septum); sets the QRS-limb slope contributed by that node,0.007,0.026,0.0165,0.0095,"s (seconds, physical parameter unit)",s,1.6785824517261332,22.051219286014167,17.542111155177853,1.6785824517261332,44.93322176669673,0.7955166073879559,0.5957407686299068,0.15734854098430923,0.005659537301984114,s,scaled = standard deviation in units of the parameter's own bound radius (half-width); physical = scaled x bound_radius,q2,0.45967039011902405,0.45967039011902405,0.3898716445362958,4,0.4070323023121946,indirect only,"shapes the reconstructed beat from which the interpreted ECG-domain descriptors (QRS duration, T-peak amplitude, T-wave sign discordance) are measured; never read as a clinical quantity on its own",A_strongly_identifiable,B_weakly_identifiable,B_weakly_identifiable,A_strongly_identifiable,B_weakly_identifiable,B_weakly_identifiable,29.78703843149534,7.867427049215461,per-parameter CV 79.6% - not seed-stable at the parameter level
19,tau_dep3,tau_dep,Depolarization (upstroke) time constant tau_dep of node 3 (right-ventricular free wall); sets the QRS-limb slope contributed by that node,0.007,0.026,0.0165,0.0095,"s (seconds, physical parameter unit)",s,26.272855881147645,30.446957272889012,5.5322718946770335,24.181738390680792,36.52916510210364,0.18170196269835978,0.03806209741810216,0.03373049300308005,0.0003615899254719705,s,scaled = standard deviation in units of the parameter's own bound radius (half-width); physical = scaled x bound_radius,q3,0.3589698506837453,0.3589698506837453,0.4222358493613066,1,0.6878561950462956,indirect only,"shapes the reconstructed beat from which the interpreted ECG-domain descriptors (QRS duration, T-peak amplitude, T-wave sign discordance) are measured; never read as a clinical quantity on its own",A_strongly_identifiable,A_strongly_identifiable,A_strongly_identifiable,A_strongly_identifiable,A_strongly_identifiable,A_strongly_identifiable,1.903104870905108,1.6865246501540025,
20,tau_dep4,tau_dep,Depolarization (upstroke) time constant tau_dep of node 4 (LV anterior wall); sets the QRS-limb slope contributed by that node,0.007,0.026,0.0165,0.0095,"s (seconds, physical parameter unit)",s,29.584105027461465,30.79011746530218,8.225113063923295,21.411984038517637,43.015912082942855,0.26713483874143357,0.033801935163215155,0.03432706613153485,0.000321118384050544,s,scaled = standard deviation in units of the parameter's own bound radius (half-width); physical = scaled x bound_radius,tau_dep5,0.6247344255413646,0.6247344255413646,0.48145228098951554,2,0.7372504952639721,indirect only,"shapes the reconstructed beat from which the interpreted ECG-domain descriptors (QRS duration, T-peak amplitude, T-wave sign discordance) are measured; never read as a clinical quantity on its own",A_strongly_identifiable,A_strongly_identifiable,A_strongly_identifiable,A_strongly_identifiable,A_strongly_identifiable,A_strongly_identifiable,1.6900967581607578,1.7163533065767425,
21,tau_dep5,tau_dep,Depolarization (upstroke) time constant tau_dep of node 5 (LV lateral wall); sets the QRS-limb slope contributed by that node,0.007,0.026,0.0165,0.0095,"s (seconds, physical parameter unit)",s,50.550154669820735,34.39251937856299,9.233230529337435,27.5135389851115,50.550154669820735,0.26846624487453363,0.019782333140852214,0.030420867853196386,0.00018793216483809603,s,scaled = standard deviation in units of the parameter's own bound radius (half-width); physical = scaled x bound_radius,tau_dep4,0.6247344255413647,0.6247344255413647,0.4814522809895167,3,0.6135872392853001,indirect only,"shapes the reconstructed beat from which the interpreted ECG-domain descriptors (QRS duration, T-peak amplitude, T-wave sign discordance) are measured; never read as a clinical quantity on its own",A_strongly_identifiable,A_strongly_identifiable,A_strongly_identifiable,A_strongly_identifiable,A_strongly_identifiable,A_strongly_identifiable,0.9891166570426108,1.5210433926598192,locked seed 42 is an outlier vs the five-seed distribution (50.55 vs 34.39+-9.23)
22,tau_dep6,tau_dep,Depolarization (upstroke) time constant tau_dep of node 6 (LV inferior wall); sets the QRS-limb slope contributed by that node,0.007,0.026,0.0165,0.0095,"s (seconds, physical parameter unit)",s,29.184532511361304,27.100455626137062,13.666037211298347,10.148955325939315,47.997110547168205,0.5042733376821209,0.0342647256594125,0.0473407458542774,0.00032551489376441876,s,scaled = standard deviation in units of the parameter's own bound radius (half-width); physical = scaled x bound_radius,q6,0.4555797007480452,0.4555797007480452,0.49717736035543914,2,0.5471793214051244,indirect only,"shapes the reconstructed beat from which the interpreted ECG-domain descriptors (QRS duration, T-peak amplitude, T-wave sign discordance) are measured; never read as a clinical quantity on its own",A_strongly_identifiable,B_weakly_identifiable,B_weakly_identifiable,A_strongly_identifiable,B_weakly_identifiable,B_weakly_identifiable,1.713236282970625,2.3670372927138703,
23,tau_dep7,tau_dep,Depolarization (upstroke) time constant tau_dep of node 7 (LV apex); sets the QRS-limb slope contributed by that node,0.007,0.026,0.0165,0.0095,"s (seconds, physical parameter unit)",s,42.63804190613973,33.65458705463163,8.386605956092643,22.660000891658303,42.63804190613973,0.24919651940695725,0.02345323460681724,0.0313704728311659,0.00022280572876476375,s,scaled = standard deviation in units of the parameter's own bound radius (half-width); physical = scaled x bound_radius,tau_dep4,0.5291931642141493,0.5291931642141493,0.43507530344804257,2,0.6391382471251427,indirect only,"shapes the reconstructed beat from which the interpreted ECG-domain descriptors (QRS duration, T-peak amplitude, T-wave sign discordance) are measured; never read as a clinical quantity on its own",A_strongly_identifiable,A_strongly_identifiable,A_strongly_identifiable,A_strongly_identifiable,A_strongly_identifiable,A_strongly_identifiable,1.172661730340862,1.5685236415582953,
24,tau_rep0,tau_rep,Repolarization (downstroke) time constant tau_rep of node 0 (SA / atrial source (graph root)); sets the T-wave limb slope contributed by that node,0.035,0.1,0.0675,0.0325,"s (seconds, physical parameter unit)",s,1.55014710305784,1.9323357654310065,0.9168972026614174,1.291165654053668,3.5273132612147253,0.47450200894920763,0.6451000669726036,0.588040830961059,0.020965752176609617,s,scaled = standard deviation in units of the parameter's own bound radius (half-width); physical = scaled x bound_radius,q0,0.6498459904983431,0.6498459904983431,0.41889042073413546,4,0.46056961556900883,indirect only,"ventricular tau_rep enters tau_rep_disp / Tend / Sync_rep and shapes the reconstructed T wave, from which the interpreted T-wave descriptors are measured; no claim is made on tau_rep itself",B_weakly_identifiable,B_weakly_identifiable,B_weakly_identifiable,B_weakly_identifiable,B_weakly_identifiable,B_weakly_identifiable,32.255003348630176,29.40204154805295,
25,tau_rep1,tau_rep,Repolarization (downstroke) time constant tau_rep of node 1 (AV node - His entry); sets the T-wave limb slope contributed by that node,0.035,0.1,0.0675,0.0325,"s (seconds, physical parameter unit)",s,4.31540727381149,4.039966264802718,1.2834564327993747,2.3786448750508766,5.392640283825963,0.31768988864614917,0.2317278385446043,0.27223879889912783,0.00753115475269964,s,scaled = standard deviation in units of the parameter's own bound radius (half-width); physical = scaled x bound_radius,q1,0.187005080474695,0.187005080474695,0.19371662054259348,3,0.25432080953216074,indirect only,"ventricular tau_rep enters tau_rep_disp / Tend / Sync_rep and shapes the reconstructed T wave, from which the interpreted T-wave descriptors are measured; no claim is made on tau_rep itself",B_weakly_identifiable,B_weakly_identifiable,B_weakly_identifiable,B_weakly_identifiable,B_weakly_identifiable,B_weakly_identifiable,11.586391927230215,13.611939944956392,
26,tau_rep2,tau_rep,Repolarization (downstroke) time constant tau_rep of node 2 (interventricular septum); sets the T-wave limb slope contributed by that node,0.035,0.1,0.0675,0.0325,"s (seconds, physical parameter unit)",s,1.3910933709144957,5.0928467991602115,3.5292233017505605,1.3910933709144957,10.947389223255405,0.6929765298128572,0.718859007532044,0.2999156251166798,0.02336291774479143,s,scaled = standard deviation in units of the parameter's own bound radius (half-width); physical = scaled x bound_radius,q2,0.29104596736009536,0.29104596736009536,0.25501799764925953,2,0.3480977805168358,indirect only,"ventricular tau_rep enters tau_rep_disp / Tend / Sync_rep and shapes the reconstructed T wave, from which the interpreted T-wave descriptors are measured; no claim is made on tau_rep itself",B_weakly_identifiable,B_weakly_identifiable,B_weakly_identifiable,B_weakly_identifiable,B_weakly_identifiable,B_weakly_identifiable,35.9429503766022,14.99578125583399,per-parameter CV 69.3% - not seed-stable at the parameter level
27,tau_rep3,tau_rep,Repolarization (downstroke) time constant tau_rep of node 3 (right-ventricular free wall); sets the T-wave limb slope contributed by that node,0.035,0.1,0.0675,0.0325,"s (seconds, physical parameter unit)",s,12.009388146919454,10.070385370760976,1.1299001106248294,9.301340500636185,12.009388146919454,0.11220028519518789,0.0832681888341257,0.10020235785101546,0.0027062161371090854,s,scaled = standard deviation in units of the parameter's own bound radius (half-width); physical = scaled x bound_radius,q3,0.4952780823063742,0.4952780823063742,0.3327352327593971,1,0.5251957834005845,indirect only,"ventricular tau_rep enters tau_rep_disp / Tend / Sync_rep and shapes the reconstructed T wave, from which the interpreted T-wave descriptors are measured; no claim is made on tau_rep itself",B_weakly_identifiable,B_weakly_identifiable,B_weakly_identifiable,B_weakly_identifiable,B_weakly_identifiable,B_weakly_identifiable,4.1634094417062855,5.010117892550773,locked seed 42 is an outlier vs the five-seed distribution (12.01 vs 10.07+-1.13)
28,tau_rep4,tau_rep,Repolarization (downstroke) time constant tau_rep of node 4 (LV anterior wall); sets the T-wave limb slope contributed by that node,0.035,0.1,0.0675,0.0325,"s (seconds, physical parameter unit)",s,17.752830583883167,13.396771813794121,6.753535230021437,3.4992161141154607,20.70607908979188,0.5041166128594944,0.05632904540348883,0.11115833568762537,0.001830693975613387,s,scaled = standard deviation in units of the parameter's own bound radius (half-width); physical = scaled x bound_radius,q4,0.48366594627552895,0.48366594627552895,0.3605128387104341,2,0.5190256296022827,indirect only,"ventricular tau_rep enters tau_rep_disp / Tend / Sync_rep and shapes the reconstructed T wave, from which the interpreted T-wave descriptors are measured; no claim is made on tau_rep itself",B_weakly_identifiable,B_weakly_identifiable,B_weakly_identifiable,B_weakly_identifiable,B_weakly_identifiable,B_weakly_identifiable,2.8164522701744414,5.557916784381269,
29,tau_rep5,tau_rep,Repolarization (downstroke) time constant tau_rep of node 5 (LV lateral wall); sets the T-wave limb slope contributed by that node,0.035,0.1,0.0675,0.0325,"s (seconds, physical parameter unit)",s,7.735566958501414,10.970487383010802,4.048073479500338,7.591504489366033,17.334033528290963,0.3689966852128462,0.1292730067963534,0.10025350756833555,0.004201372720881486,s,scaled = standard deviation in units of the parameter's own bound radius (half-width); physical = scaled x bound_radius,tau_rep4,0.25502221791048385,0.25502221791048385,0.3840781873743436,4,0.4489852856618083,indirect only,"ventricular tau_rep enters tau_rep_disp / Tend / Sync_rep and shapes the reconstructed T wave, from which the interpreted T-wave descriptors are measured; no claim is made on tau_rep itself",B_weakly_identifiable,B_weakly_identifiable,B_weakly_identifiable,B_weakly_identifiable,B_weakly_identifiable,B_weakly_identifiable,6.4636503398176695,5.012675378416778,
30,tau_rep6,tau_rep,Repolarization (downstroke) time constant tau_rep of node 6 (LV inferior wall); sets the T-wave limb slope contributed by that node,0.035,0.1,0.0675,0.0325,"s (seconds, physical parameter unit)",s,4.837798607474279,5.239668132884255,2.586573750457019,1.3249233758439454,8.498099900947302,0.49365220942594323,0.20670558680450749,0.28526861436241735,0.006717931571146494,s,scaled = standard deviation in units of the parameter's own bound radius (half-width); physical = scaled x bound_radius,tau_rep3,-0.34331411528220435,0.34331411528220435,0.1925692849972501,1,0.3501043278862598,indirect only,"ventricular tau_rep enters tau_rep_disp / Tend / Sync_rep and shapes the reconstructed T wave, from which the interpreted T-wave descriptors are measured; no claim is made on tau_rep itself",B_weakly_identifiable,B_weakly_identifiable,B_weakly_identifiable,B_weakly_identifiable,B_weakly_identifiable,B_weakly_identifiable,10.335279340225375,14.263430718120867,
31,tau_rep7,tau_rep,Repolarization (downstroke) time constant tau_rep of node 7 (LV apex); sets the T-wave limb slope contributed by that node,0.035,0.1,0.0675,0.0325,"s (seconds, physical parameter unit)",s,12.569023542582332,13.339457381698526,3.3553088169367733,9.854147122398215,17.085745430908048,0.25153263142023985,0.07956067522764365,0.0788556923191027,0.0025857219448984186,s,scaled = standard deviation in units of the parameter's own bound radius (half-width); physical = scaled x bound_radius,tau_rep4,0.36096228227787797,0.36096228227787797,0.247340548748183,1,0.47874699357438366,indirect only,"ventricular tau_rep enters tau_rep_disp / Tend / Sync_rep and shapes the reconstructed T wave, from which the interpreted T-wave descriptors are measured; no claim is made on tau_rep itself",B_weakly_identifiable,B_weakly_identifiable,B_weakly_identifiable,B_weakly_identifiable,B_weakly_identifiable,B_weakly_identifiable,3.9780337613821826,3.9427846159551345,
32,q0,q,"Nodal source gain q of node 0 (SA / atrial source (graph root)); scales dU_i/dt, i.e. that node's contribution to the QRS/T dipole",0.05,3.0,1.525,1.475,dimensionless (relative source amplitude),1,11.723486919210782,13.149705104766403,5.296347567477036,7.777797472402707,21.06955078097729,0.40277310595788623,0.08529885407739418,0.08594918132058456,0.12581580976415643,1,scaled = standard deviation in units of the parameter's own bound radius (half-width); physical = scaled x bound_radius,tau_dep0,0.7226631191574331,0.7226631191574331,0.5732130864418243,5,0.5732130864418243,indirect only,"shapes the reconstructed beat from which the interpreted ECG-domain descriptors (QRS duration, T-peak amplitude, T-wave sign discordance) are measured; never read as a clinical quantity on its own",A_strongly_identifiable,B_weakly_identifiable,B_weakly_identifiable,B_weakly_identifiable,B_weakly_identifiable,B_weakly_identifiable,4.264942703869709,4.297459066029228,
33,q1,q,"Nodal source gain q of node 1 (AV node - His entry); scales dU_i/dt, i.e. that node's contribution to the QRS/T dipole",0.05,3.0,1.525,1.475,dimensionless (relative source amplitude),1,29.804641073925712,25.00780889681282,14.324134393980925,14.252798280900889,48.00613259364286,0.5727864625439656,0.033551821594484485,0.04952870980890781,0.04948893685186462,1,scaled = standard deviation in units of the parameter's own bound radius (half-width); physical = scaled x bound_radius,tau_dep1,0.5476048598888741,0.5476048598888741,0.4387916136311018,3,0.5017707461162348,indirect only,"shapes the reconstructed beat from which the interpreted ECG-domain descriptors (QRS duration, T-peak amplitude, T-wave sign discordance) are measured; never read as a clinical quantity on its own",A_strongly_identifiable,B_weakly_identifiable,B_weakly_identifiable,A_strongly_identifiable,B_weakly_identifiable,B_weakly_identifiable,1.6775910797242242,2.4764354904453905,
34,q2,q,"Nodal source gain q of node 2 (interventricular septum); scales dU_i/dt, i.e. that node's contribution to the QRS/T dipole",0.05,3.0,1.525,1.475,dimensionless (relative source amplitude),1,36.22844288966738,27.54243327778649,22.488871152496568,10.13010262479844,63.18549702901378,0.8165172236482926,0.027602621593356073,0.057691195978792874,0.04071386685020021,1,scaled = standard deviation in units of the parameter's own bound radius (half-width); physical = scaled x bound_radius,tau_dep2,0.459670390119025,0.459670390119025,0.38987164453629464,1,0.5218489935595834,indirect only,"shapes the reconstructed beat from which the interpreted ECG-domain descriptors (QRS duration, T-peak amplitude, T-wave sign discordance) are measured; never read as a clinical quantity on its own",A_strongly_identifiable,B_weakly_identifiable,B_weakly_identifiable,A_strongly_identifiable,B_weakly_identifiable,B_weakly_identifiable,1.3801310796678037,2.8845597989396436,per-parameter CV 81.7% - not seed-stable at the parameter level
35,q3,q,"Nodal source gain q of node 3 (right-ventricular free wall); scales dU_i/dt, i.e. that node's contribution to the QRS/T dipole",0.05,3.0,1.525,1.475,dimensionless (relative source amplitude),1,24.089213453644827,16.64515688429672,5.764601268517374,11.06088791971149,24.089213453644827,0.34632303609921405,0.04151235580706329,0.06622915342922293,0.06123072481541836,1,scaled = standard deviation in units of the parameter's own bound radius (half-width); physical = scaled x bound_radius,q5,0.6538122603325399,0.6538122603325399,0.4755126595341911,1,0.8147612337325855,indirect only,"shapes the reconstructed beat from which the interpreted ECG-domain descriptors (QRS duration, T-peak amplitude, T-wave sign discordance) are measured; never read as a clinical quantity on its own",A_strongly_identifiable,B_weakly_identifiable,A_strongly_identifiable,A_strongly_identifiable,B_weakly_identifiable,B_weakly_identifiable,2.0756177903531645,3.3114576714611466,
36,q4,q,"Nodal source gain q of node 4 (LV anterior wall); scales dU_i/dt, i.e. that node's contribution to the QRS/T dipole",0.05,3.0,1.525,1.475,dimensionless (relative source amplitude),1,10.838371090917834,15.329513816981281,5.012402458085303,10.319603267347745,22.42973693057392,0.3269772621577085,0.09226478698796023,0.0710346664073829,0.13609056080724136,1,scaled = standard deviation in units of the parameter's own bound radius (half-width); physical = scaled x bound_radius,q7,0.7641836444102,0.7641836444102,0.5297197114874402,1,0.8056669596620386,indirect only,"shapes the reconstructed beat from which the interpreted ECG-domain descriptors (QRS duration, T-peak amplitude, T-wave sign discordance) are measured; never read as a clinical quantity on its own",A_strongly_identifiable,B_weakly_identifiable,A_strongly_identifiable,A_strongly_identifiable,B_weakly_identifiable,B_weakly_identifiable,4.613239349398011,3.551733320369145,
37,q5,q,"Nodal source gain q of node 5 (LV lateral wall); scales dU_i/dt, i.e. that node's contribution to the QRS/T dipole",0.05,3.0,1.525,1.475,dimensionless (relative source amplitude),1,14.348177660590403,15.878947308410778,4.055090252865057,11.473135440473698,21.28916442103869,0.25537525719460963,0.0696952619109716,0.0662602268032293,0.10280051131868312,1,scaled = standard deviation in units of the parameter's own bound radius (half-width); physical = scaled x bound_radius,q7,0.7611595006553221,0.7611595006553221,0.45381816956486515,2,0.7769159273069398,indirect only,"shapes the reconstructed beat from which the interpreted ECG-domain descriptors (QRS duration, T-peak amplitude, T-wave sign discordance) are measured; never read as a clinical quantity on its own",A_strongly_identifiable,B_weakly_identifiable,A_strongly_identifiable,A_strongly_identifiable,B_weakly_identifiable,B_weakly_identifiable,3.4847630955485798,3.3130113401614647,
38,q6,q,"Nodal source gain q of node 6 (LV inferior wall); scales dU_i/dt, i.e. that node's contribution to the QRS/T dipole",0.05,3.0,1.525,1.475,dimensionless (relative source amplitude),1,17.997108861637546,18.957661857844386,5.805611790308027,13.743419195562453,28.914493891591924,0.3062409190459189,0.05556448025558093,0.05603666801933192,0.08195760837698188,1,scaled = standard deviation in units of the parameter's own bound radius (half-width); physical = scaled x bound_radius,q3,-0.64551376793224,0.64551376793224,0.40903071493343746,2,0.6947390192395109,indirect only,"shapes the reconstructed beat from which the interpreted ECG-domain descriptors (QRS duration, T-peak amplitude, T-wave sign discordance) are measured; never read as a clinical quantity on its own",A_strongly_identifiable,B_weakly_identifiable,A_strongly_identifiable,A_strongly_identifiable,B_weakly_identifiable,B_weakly_identifiable,2.7782240127790465,2.801833400966596,
39,q7,q,"Nodal source gain q of node 7 (LV apex); scales dU_i/dt, i.e. that node's contribution to the QRS/T dipole",0.05,3.0,1.525,1.475,dimensionless (relative source amplitude),1,29.288814731070225,17.90548305750959,7.926577713118892,11.044930134371729,29.288814731070225,0.4426899675177695,0.034142726811651335,0.06461124929994401,0.05036052204718572,1,scaled = standard deviation in units of the parameter's own bound radius (half-width); physical = scaled x bound_radius,q4,0.7641836444101959,0.7641836444101959,0.5297197114874448,1,0.7806904329450148,indirect only,"shapes the reconstructed beat from which the interpreted ECG-domain descriptors (QRS duration, T-peak amplitude, T-wave sign discordance) are measured; never read as a clinical quantity on its own",A_strongly_identifiable,B_weakly_identifiable,B_weakly_identifiable,A_strongly_identifiable,B_weakly_identifiable,B_weakly_identifiable,1.7071363405825668,3.2305624649972007,
40,alpha_ST0,alpha_ST,ST-platform source amplitude alpha_ST of ventricular node 2 (interventricular septum); ST region 'right_septal'. Signed: positive = ST elevation-like source,-0.25,0.25,0.0,0.25,mV-equivalent source strength (amplitude defined up to the per-lead robust scaling),mV-eq,0.4306225001200384,0.38733132944661086,0.2253792717488499,0.1796206006604772,0.7574709289948,0.5818772059333657,2.3222195768248164,3.2480704610949735,0.5805548942062041,mV-eq,scaled = standard deviation in units of the parameter's own bound radius (half-width); physical = scaled x bound_radius,alpha_ST5,0.6196800890589544,0.6196800890589544,0.3649600675654078,2,0.5675059229608354,"observability-limited, not a marker","||alpha_ST|| (S_ST) and lead-projected ST = H_ind*alpha_ST; manuscript uses it as the near-null direction explaining MI under-detection, and reports the lead-projected ST as weak/seed-variable (negative example)",C_primarily_regularized,C_primarily_regularized,C_primarily_regularized,C_primarily_regularized,C_primarily_regularized,C_primarily_regularized,116.11097884124082,162.4035230547487,"CRB exceeds the parameter's own bound half-width in every seed -> determined by the bounds/Tikhonov prior, not by the data"
41,alpha_ST1,alpha_ST,ST-platform source amplitude alpha_ST of ventricular node 3 (right-ventricular free wall); ST region 'right_septal'. Signed: positive = ST elevation-like source,-0.25,0.25,0.0,0.25,mV-equivalent source strength (amplitude defined up to the per-lead robust scaling),mV-eq,0.354420226993194,0.24048282714936633,0.0930788301945213,0.1431238362776827,0.354420226993194,0.38704980017849294,2.82150939432473,4.730174880038524,0.7053773485811825,mV-eq,scaled = standard deviation in units of the parameter's own bound radius (half-width); physical = scaled x bound_radius,alpha_ST3,0.6415394684090283,0.6415394684090283,0.5469082120832802,1,0.8573320448960902,"observability-limited, not a marker","||alpha_ST|| (S_ST) and lead-projected ST = H_ind*alpha_ST; manuscript uses it as the near-null direction explaining MI under-detection, and reports the lead-projected ST as weak/seed-variable (negative example)",C_primarily_regularized,C_primarily_regularized,C_primarily_regularized,C_primarily_regularized,C_primarily_regularized,C_primarily_regularized,141.0754697162365,236.50874400192617,"CRB exceeds the parameter's own bound half-width in every seed -> determined by the bounds/Tikhonov prior, not by the data"
42,alpha_ST2,alpha_ST,ST-platform source amplitude alpha_ST of ventricular node 4 (LV anterior wall); ST region 'anterior'. Signed: positive = ST elevation-like source,-0.25,0.25,0.0,0.25,mV-equivalent source strength (amplitude defined up to the per-lead robust scaling),mV-eq,0.1865460881526804,0.2906998416383277,0.2065094838735945,0.1553399787219598,0.6557192357824831,0.7103873284200888,5.36060557421896,4.4244921768478385,1.34015139355474,mV-eq,scaled = standard deviation in units of the parameter's own bound radius (half-width); physical = scaled x bound_radius,alpha_ST5,0.7762768391439059,0.7762768391439059,0.5524099716094235,1,0.7971820446717829,"observability-limited, not a marker","||alpha_ST|| (S_ST) and lead-projected ST = H_ind*alpha_ST; manuscript uses it as the near-null direction explaining MI under-detection, and reports the lead-projected ST as weak/seed-variable (negative example)",C_primarily_regularized,C_primarily_regularized,C_primarily_regularized,C_primarily_regularized,C_primarily_regularized,C_primarily_regularized,268.030278710948,221.22460884239192,"per-parameter CV 71.0% - not seed-stable at the parameter level; CRB exceeds the parameter's own bound half-width in every seed -> determined by the bounds/Tikhonov prior, not by the data"
43,alpha_ST3,alpha_ST,ST-platform source amplitude alpha_ST of ventricular node 5 (LV lateral wall); ST region 'lateral'. Signed: positive = ST elevation-like source,-0.25,0.25,0.0,0.25,mV-equivalent source strength (amplitude defined up to the per-lead robust scaling),mV-eq,0.2320967105359289,0.2192668596585659,0.038841814991446184,0.1793371398069374,0.2725548524882608,0.17714402920682676,4.308548784215529,4.676119022315584,1.0771371960538823,mV-eq,scaled = standard deviation in units of the parameter's own bound radius (half-width); physical = scaled x bound_radius,alpha_ST2,0.7124322873575607,0.7124322873575607,0.6156735369315951,2,0.8263050443427291,"observability-limited, not a marker","||alpha_ST|| (S_ST) and lead-projected ST = H_ind*alpha_ST; manuscript uses it as the near-null direction explaining MI under-detection, and reports the lead-projected ST as weak/seed-variable (negative example)",C_primarily_regularized,C_primarily_regularized,C_primarily_regularized,C_primarily_regularized,C_primarily_regularized,C_primarily_regularized,215.42743921077644,233.8059511157792,"CRB exceeds the parameter's own bound half-width in every seed -> determined by the bounds/Tikhonov prior, not by the data"
44,alpha_ST4,alpha_ST,ST-platform source amplitude alpha_ST of ventricular node 6 (LV inferior wall); ST region 'inferior'. Signed: positive = ST elevation-like source,-0.25,0.25,0.0,0.25,mV-equivalent source strength (amplitude defined up to the per-lead robust scaling),mV-eq,0.3344828655686093,0.34720423669611644,0.07201303296212481,0.2289870063937694,0.4148030592932888,0.20740827833029232,2.989689765722482,3.009379351919683,0.7474224414306205,mV-eq,scaled = standard deviation in units of the parameter's own bound radius (half-width); physical = scaled x bound_radius,alpha_ST1,-0.640925954133908,0.640925954133908,0.34033544395888693,1,0.7115637619880555,"observability-limited, not a marker","||alpha_ST|| (S_ST) and lead-projected ST = H_ind*alpha_ST; manuscript uses it as the near-null direction explaining MI under-detection, and reports the lead-projected ST as weak/seed-variable (negative example)",C_primarily_regularized,C_primarily_regularized,C_primarily_regularized,C_primarily_regularized,C_primarily_regularized,C_primarily_regularized,149.4844882861241,150.46896759598417,"CRB exceeds the parameter's own bound half-width in every seed -> determined by the bounds/Tikhonov prior, not by the data"
45,alpha_ST5,alpha_ST,ST-platform source amplitude alpha_ST of ventricular node 7 (LV apex); ST region 'anterior'. Signed: positive = ST elevation-like source,-0.25,0.25,0.0,0.25,mV-equivalent source strength (amplitude defined up to the per-lead robust scaling),mV-eq,0.3917902668266907,0.2611177589379486,0.09049011653727097,0.1489259454157795,0.3917902668266907,0.34654907006449465,2.5523860204581146,4.241045044811379,0.6380965051145286,mV-eq,scaled = standard deviation in units of the parameter's own bound radius (half-width); physical = scaled x bound_radius,alpha_ST2,0.7762768391439061,0.7762768391439061,0.5524099716094275,1,0.8117948780348334,"observability-limited, not a marker","||alpha_ST|| (S_ST) and lead-projected ST = H_ind*alpha_ST; manuscript uses it as the near-null direction explaining MI under-detection, and reports the lead-projected ST as weak/seed-variable (negative example)",C_primarily_regularized,C_primarily_regularized,C_primarily_regularized,C_primarily_regularized,C_primarily_regularized,C_primarily_regularized,127.61930102290573,212.05225224056898,"CRB exceeds the parameter's own bound half-width in every seed -> determined by the bounds/Tikhonov prior, not by the data"
46,global_gain,global_gain,Global amplitude gain g applied to the reconstructed 12-lead beat,0.5,2.0,1.25,0.75,dimensionless (global amplitude scale),1,16.31419101059347,15.92368993439035,0.2666353733527261,15.59511369443152,16.31419101059347,0.01674457204651256,0.06129632780140059,0.06281353505384543,0.04597224585105044,1,scaled = standard deviation in units of the parameter's own bound radius (half-width); physical = scaled x bound_radius,q5,-0.4189558057307575,0.4189558057307575,0.26310882738994257,1,0.4177286224943429,indirect only,"shapes the reconstructed beat from which the interpreted ECG-domain descriptors (QRS duration, T-peak amplitude, T-wave sign discordance) are measured; never read as a clinical quantity on its own",A_strongly_identifiable,A_strongly_identifiable,A_strongly_identifiable,A_strongly_identifiable,A_strongly_identifiable,A_strongly_identifiable,3.0648163900700296,3.1406767526922716,
