seed,noise_model,family,n_candidates,best_set,D_logdet_best,loss_vs_unconstrained_optimum,margin_over_clinical,rank_of_56
42,identity,unconstrained,56,I+V1+V4,170.661,0,9.98259,1
42,identity,at_most_one_precordial,6,I+II+V1,160.968,-9.69274,0.289847,20
42,identity,precordial_only,20,V1+V2+V5,170.216,-0.444939,9.53765,2
42,identity,contains_II,21,II+V1+V4,163.083,-7.5778,2.40478,14
42,empirical_diag,unconstrained,56,V2+V3+V5,171.785,0,32.3448,1
42,empirical_diag,at_most_one_precordial,6,I+II+V2,148.381,-23.4043,8.94055,36
42,empirical_diag,precordial_only,20,V2+V3+V5,171.785,0,32.3448,1
42,empirical_diag,contains_II,21,II+V2+V5,160.708,-11.0776,21.2672,16
42,empirical_full,unconstrained,56,I+V2+V4,81.3914,0,22.5793,1
42,empirical_full,at_most_one_precordial,6,I+II+V2,61.0274,-20.364,2.21531,30
42,empirical_full,precordial_only,20,V1+V2+V4,75.9343,-5.4571,17.1222,5
42,empirical_full,contains_II,21,II+V2+V4,77.4729,-3.91851,18.6608,3
42,limb_artifact_x4,unconstrained,56,V1+V2+V5,179.924,0,17.5919,1
42,limb_artifact_x4,at_most_one_precordial,6,I+II+V1,143.275,-36.6497,-19.0579,44
42,limb_artifact_x4,precordial_only,20,V1+V2+V5,179.924,0,17.5919,1
42,limb_artifact_x4,contains_II,21,II+V1+V4,164.546,-15.3782,2.21364,15
42,chest_artifact_x4,unconstrained,56,I+II+V1,172.813,0,23.41,1
42,chest_artifact_x4,at_most_one_precordial,6,I+II+V1,172.813,0,23.41,1
42,chest_artifact_x4,precordial_only,20,V1+V2+V5,144.109,-28.7039,-5.29389,25
42,chest_artifact_x4,contains_II,21,I+II+V1,172.813,0,23.41,1
42,ar1_rho0.8,unconstrained,56,V1+V2+V5,63.5734,0,9.55108,1
42,ar1_rho0.8,at_most_one_precordial,6,I+II+V1,53.547,-10.0264,-0.475343,21
42,ar1_rho0.8,precordial_only,20,V1+V2+V5,63.5734,0,9.55108,1
42,ar1_rho0.8,contains_II,21,II+V1+V4,56.3122,-7.26117,2.2899,15
42,empirical_full_ar1,unconstrained,56,I+V2+V4,-20.6118,0,21.1109,1
42,empirical_full_ar1,at_most_one_precordial,6,I+II+V2,-39.571,-18.9592,2.15168,32
42,empirical_full_ar1,precordial_only,20,V1+V2+V4,-25.5034,-4.89158,16.2193,5
42,empirical_full_ar1,contains_II,21,II+V2+V4,-22.8034,-2.19157,18.9193,2
1,identity,unconstrained,56,I+V1+V5,191.932,0,8.03886,1
1,identity,at_most_one_precordial,6,I+II+V1,182.278,-9.65372,-1.61486,7
1,identity,precordial_only,20,V1+V2+V5,184.764,-7.16751,0.871355,4
1,identity,contains_II,21,II+V1+V5,183.893,-8.03886,0,5
1,empirical_diag,unconstrained,56,V2+V4+V5,186.601,0,20.9807,1
1,empirical_diag,at_most_one_precordial,6,I+II+V2,155.472,-31.1297,-10.149,46
1,empirical_diag,precordial_only,20,V2+V4+V5,186.601,0,20.9807,1
1,empirical_diag,contains_II,21,II+V2+V5,174.875,-11.7263,9.25434,16
1,empirical_full,unconstrained,56,I+V2+V4,98.2265,0,15.1129,1
1,empirical_full,at_most_one_precordial,6,I+II+V5,75.4136,-22.8129,-7.69998,35
1,empirical_full,precordial_only,20,V1+V2+V4,92.9378,-5.28869,9.82422,5
1,empirical_full,contains_II,21,II+V2+V4,97.1043,-1.12225,13.9907,2
1,limb_artifact_x4,unconstrained,56,V1+V2+V5,194.477,0,10.1427,1
1,limb_artifact_x4,at_most_one_precordial,6,I+II+V1,161.007,-33.4704,-23.3277,43
1,limb_artifact_x4,precordial_only,20,V1+V2+V5,194.477,0,10.1427,1
1,limb_artifact_x4,contains_II,21,II+V1+V5,184.334,-10.1427,0,13
1,chest_artifact_x4,unconstrained,56,I+II+V1,198.356,0,24.7777,1
1,chest_artifact_x4,at_most_one_precordial,6,I+II+V1,198.356,0,24.7777,1
1,chest_artifact_x4,precordial_only,20,V1+V2+V5,158.64,-39.7163,-14.9386,30
1,chest_artifact_x4,contains_II,21,I+II+V1,198.356,0,24.7777,1
1,ar1_rho0.8,unconstrained,56,I+V1+V5,87.1962,0,7.27227,1
1,ar1_rho0.8,at_most_one_precordial,6,I+II+V1,78.0287,-9.16748,-1.89521,11
1,ar1_rho0.8,precordial_only,20,V1+V2+V5,80.7965,-6.39969,0.872582,4
1,ar1_rho0.8,contains_II,21,II+V1+V5,79.9239,-7.27227,0,7
1,empirical_full_ar1,unconstrained,56,II+V2+V4,-0.805161,0,14.7503,1
1,empirical_full_ar1,at_most_one_precordial,6,I+II+V5,-21.6323,-20.8271,-6.07679,35
1,empirical_full_ar1,precordial_only,20,V1+V2+V4,-6.04819,-5.24303,9.50728,5
1,empirical_full_ar1,contains_II,21,II+V2+V4,-0.805161,0,14.7503,1
2,identity,unconstrained,56,I+V1+V5,178.509,0,6.9735,1
2,identity,at_most_one_precordial,6,I+II+V1,175.376,-3.13352,3.83999,4
2,identity,precordial_only,20,V1+V2+V5,173.689,-4.82051,2.15299,5
2,identity,contains_II,21,I+II+V1,175.376,-3.13352,3.83999,4
2,empirical_diag,unconstrained,56,I+V2+V4,172.69,0,25.682,1
2,empirical_diag,at_most_one_precordial,6,I+II+V2,153.275,-19.4146,6.26742,29
2,empirical_diag,precordial_only,20,V1+V2+V4,172.661,-0.0285633,25.6534,2
2,empirical_diag,contains_II,21,II+V2+V5,163.803,-8.88641,16.7956,14
2,empirical_full,unconstrained,56,I+V2+V4,93.3457,0,31.6638,1
2,empirical_full,at_most_one_precordial,6,I+II+V2,69.798,-23.5477,8.11614,27
2,empirical_full,precordial_only,20,V1+V2+V4,86.8294,-6.51625,25.1476,3
2,empirical_full,contains_II,21,II+V2+V4,83.3178,-10.0279,21.6359,6
2,limb_artifact_x4,unconstrained,56,V1+V2+V5,183.364,0,14.3885,1
2,limb_artifact_x4,at_most_one_precordial,6,I+II+V1,154.797,-28.567,-14.1785,33
2,limb_artifact_x4,precordial_only,20,V1+V2+V5,183.364,0,14.3885,1
2,limb_artifact_x4,contains_II,21,II+V1+V5,168.975,-14.3885,0,13
2,chest_artifact_x4,unconstrained,56,I+II+V1,189.016,0,24.0897,1
2,chest_artifact_x4,at_most_one_precordial,6,I+II+V1,189.016,0,24.0897,1
2,chest_artifact_x4,precordial_only,20,V1+V2+V5,147.7,-41.3156,-17.2259,30
2,chest_artifact_x4,contains_II,21,I+II+V1,189.016,0,24.0897,1
2,ar1_rho0.8,unconstrained,56,I+V1+V5,79.3468,0,6.41018,1
2,ar1_rho0.8,at_most_one_precordial,6,I+II+V1,76.536,-2.81083,3.59935,4
2,ar1_rho0.8,precordial_only,20,V1+V2+V5,75.1125,-4.2343,2.17588,5
2,ar1_rho0.8,contains_II,21,I+II+V1,76.536,-2.81083,3.59935,4
2,empirical_full_ar1,unconstrained,56,I+V2+V4,-0.707466,0,29.9729,1
2,empirical_full_ar1,at_most_one_precordial,6,I+II+V2,-22.4141,-21.7067,8.26624,27
2,empirical_full_ar1,precordial_only,20,V1+V2+V4,-6.75997,-6.05251,23.9204,3
2,empirical_full_ar1,contains_II,21,II+V2+V4,-9.02652,-8.31906,21.6539,5
3,identity,unconstrained,56,I+V1+V4,184.548,0,10.8045,1
3,identity,at_most_one_precordial,6,I+II+V1,178.148,-6.39974,4.40476,8
3,identity,precordial_only,20,V1+V2+V5,180.213,-4.33438,6.47013,4
3,identity,contains_II,21,I+II+V1,178.148,-6.39974,4.40476,8
3,empirical_diag,unconstrained,56,V1+V2+V4,178.408,0,29.5208,1
3,empirical_diag,at_most_one_precordial,6,I+II+V2,155.712,-22.6965,6.82438,36
3,empirical_diag,precordial_only,20,V1+V2+V4,178.408,0,29.5208,1
3,empirical_diag,contains_II,21,II+V2+V5,165.254,-13.1546,16.3663,19
3,empirical_full,unconstrained,56,I+V2+V4,89.8242,0,22.0955,1
3,empirical_full,at_most_one_precordial,6,I+II+V4,69.8225,-20.0017,2.09389,30
3,empirical_full,precordial_only,20,V1+V2+V4,82.6645,-7.15964,14.9359,6
3,empirical_full,contains_II,21,II+V2+V5,83.9819,-5.84232,16.2532,4
3,limb_artifact_x4,unconstrained,56,V1+V2+V5,189.904,0,15.1243,1
3,limb_artifact_x4,at_most_one_precordial,6,I+II+V1,160.593,-29.3111,-14.1868,32
3,limb_artifact_x4,precordial_only,20,V1+V2+V5,189.904,0,15.1243,1
3,limb_artifact_x4,contains_II,21,II+V1+V4,175.32,-14.5842,0.540068,14
3,chest_artifact_x4,unconstrained,56,I+II+V1,189.109,0,27.3618,1
3,chest_artifact_x4,at_most_one_precordial,6,I+II+V1,189.109,0,27.3618,1
3,chest_artifact_x4,precordial_only,20,V1+V2+V5,154.167,-34.9424,-7.58058,27
3,chest_artifact_x4,contains_II,21,I+II+V1,189.109,0,27.3618,1
3,ar1_rho0.8,unconstrained,56,I+V1+V4,79.5451,0,10.402,1
3,ar1_rho0.8,at_most_one_precordial,6,I+II+V1,73.3662,-6.17889,4.22314,8
3,ar1_rho0.8,precordial_only,20,V1+V2+V5,76.0656,-3.47955,6.92248,4
3,ar1_rho0.8,contains_II,21,I+II+V1,73.3662,-6.17889,4.22314,8
3,empirical_full_ar1,unconstrained,56,I+V2+V4,-10.0011,0,19.9586,1
3,empirical_full_ar1,at_most_one_precordial,6,I+II+V4,-28.1395,-18.1384,1.82014,31
3,empirical_full_ar1,precordial_only,20,V1+V2+V4,-16.2159,-6.21485,13.7437,5
3,empirical_full_ar1,contains_II,21,II+V2+V5,-14.1495,-4.14844,15.8101,3
4,identity,unconstrained,56,I+V1+V5,185.481,0,8.645,1
4,identity,at_most_one_precordial,6,I+II+V1,175.551,-9.93001,-1.285,12
4,identity,precordial_only,20,V1+V2+V5,180.147,-5.33426,3.31074,4
4,identity,contains_II,21,II+V1+V5,176.836,-8.645,0,8
4,empirical_diag,unconstrained,56,V2+V4+V5,182.945,0,24.33,1
4,empirical_diag,at_most_one_precordial,6,I+II+V2,154.411,-28.5339,-4.20388,44
4,empirical_diag,precordial_only,20,V2+V4+V5,182.945,0,24.33,1
4,empirical_diag,contains_II,21,II+V2+V5,171.717,-11.2272,13.1028,15
4,empirical_full,unconstrained,56,I+V2+V4,95.1736,0,17.9288,1
4,empirical_full,at_most_one_precordial,6,I+II+V4,73.2603,-21.9133,-3.9845,34
4,empirical_full,precordial_only,20,V1+V2+V4,89.6955,-5.47814,12.4507,5
4,empirical_full,contains_II,21,II+V2+V5,92.1508,-3.02281,14.906,2
4,limb_artifact_x4,unconstrained,56,V1+V2+V5,189.808,0,12.3419,1
4,limb_artifact_x4,at_most_one_precordial,6,I+II+V1,152.969,-36.8384,-24.4965,47
4,limb_artifact_x4,precordial_only,20,V1+V2+V5,189.808,0,12.3419,1
4,limb_artifact_x4,contains_II,21,II+V1+V5,177.466,-12.3419,0,14
4,chest_artifact_x4,unconstrained,56,I+II+V1,190.836,0,23.7426,1
4,chest_artifact_x4,at_most_one_precordial,6,I+II+V1,190.836,0,23.7426,1
4,chest_artifact_x4,precordial_only,20,V1+V2+V5,154.205,-36.6309,-12.8883,31
4,chest_artifact_x4,contains_II,21,I+II+V1,190.836,0,23.7426,1
4,ar1_rho0.8,unconstrained,56,I+V1+V5,83.2393,0,7.88059,1
4,ar1_rho0.8,at_most_one_precordial,6,I+II+V1,73.8342,-9.40516,-1.52457,16
4,ar1_rho0.8,precordial_only,20,V1+V2+V5,78.9708,-4.26854,3.61205,4
4,ar1_rho0.8,contains_II,21,II+V1+V5,75.3587,-7.88059,0,12
4,empirical_full_ar1,unconstrained,56,I+V2+V4,-1.57501,0,16.4703,1
4,empirical_full_ar1,at_most_one_precordial,6,I+II+V4,-21.1791,-19.6041,-3.13382,34
4,empirical_full_ar1,precordial_only,20,V1+V2+V4,-6.57893,-5.00392,11.4664,5
4,empirical_full_ar1,contains_II,21,II+V2+V5,-3.83194,-2.25694,14.2134,2
