seed,noise_model,leads,D_logdet,rank,n_precordial
42,identity,I+V1+V4,170.661,1,2
42,identity,V1+V2+V5,170.216,2,3
42,identity,V1+V2+V4,170.192,3,3
42,identity,I+V1+V5,168.663,4,2
42,identity,V1+V2+V6,167.287,5,3
42,identity,I+V1+V3,166.857,6,2
42,identity,V1+V3+V5,165.025,7,3
42,identity,V1+V2+V3,164.691,8,3
42,identity,I+V1+V6,164.621,9,2
42,identity,V1+V3+V4,164.198,10,3
42,identity,V1+V3+V6,163.672,11,3
42,identity,I+V2+V5,163.491,12,2
42,identity,I+V2+V4,163.262,13,2
42,identity,II+V1+V4,163.083,14,2
42,identity,II+V1+V3,162.525,15,2
42,identity,II+V1+V2,161.973,16,2
42,identity,V1+V4+V5,161.672,17,3
42,identity,I+V2+V6,161.112,18,2
42,identity,I+V1+V2,161.104,19,2
42,identity,I+II+V1,160.968,20,1
42,identity,V1+V4+V6,160.812,21,3
42,identity,II+V1+V5,160.678,22,2
42,identity,I+V3+V6,158.118,23,2
42,identity,I+V2+V3,157.621,24,2
42,identity,I+V3+V5,157.581,25,2
42,identity,V1+V5+V6,157.396,26,3
42,identity,V2+V4+V6,156.4,27,3
42,identity,I+II+V2,155.782,28,1
42,identity,V2+V3+V6,155.707,29,3
42,identity,II+V1+V6,155.047,30,2
42,identity,V2+V3+V5,154.341,31,3
42,identity,V2+V4+V5,154.158,32,3
42,identity,I+V3+V4,153.013,33,2
42,identity,V2+V5+V6,152.768,34,3
42,identity,II+V2+V5,152.229,35,2
42,identity,I+V4+V6,152.042,36,2
42,identity,I+II+V3,152.015,37,1
42,identity,II+V2+V6,151.908,38,2
42,identity,I+V4+V5,148.085,39,2
42,identity,II+V3+V6,147.905,40,2
42,identity,V3+V4+V6,147.464,41,3
42,identity,II+V2+V4,147.302,42,2
42,identity,V2+V3+V4,146.295,43,3
42,identity,I+II+V4,146.251,44,1
42,identity,II+V3+V5,146.117,45,2
42,identity,V3+V5+V6,145.954,46,3
42,identity,V3+V4+V5,142.793,47,3
42,identity,II+V2+V3,141.682,48,2
42,identity,II+V4+V6,140.501,49,2
42,identity,II+V3+V4,137.168,50,2
42,identity,I+V5+V6,136.735,51,2
42,identity,V4+V5+V6,136.641,52,3
42,identity,II+V4+V5,135.87,53,2
42,identity,I+II+V5,132.309,54,1
42,identity,II+V5+V6,124.127,55,2
42,identity,I+II+V6,115.984,56,1
42,empirical_diag,V2+V3+V5,171.785,1,3
42,empirical_diag,V2+V4+V5,171.512,2,3
42,empirical_diag,V1+V2+V4,171.097,3,3
42,empirical_diag,V2+V4+V6,169.429,4,3
42,empirical_diag,I+V2+V4,169.405,5,2
42,empirical_diag,V1+V2+V5,169.39,6,3
42,empirical_diag,V2+V3+V6,168.21,7,3
42,empirical_diag,I+V2+V5,168.061,8,2
42,empirical_diag,V2+V3+V4,166.932,9,3
42,empirical_diag,V1+V2+V3,164.91,10,3
42,empirical_diag,V2+V5+V6,164.653,11,3
42,empirical_diag,I+V2+V3,162.804,12,2
42,empirical_diag,V1+V2+V6,162.325,13,3
42,empirical_diag,I+V2+V6,161.292,14,2
42,empirical_diag,V1+V3+V5,161.162,15,3
42,empirical_diag,II+V2+V5,160.708,16,2
42,empirical_diag,V1+V3+V4,160.548,17,3
42,empirical_diag,I+V3+V5,160.281,18,2
42,empirical_diag,V3+V4+V5,159.17,19,3
42,empirical_diag,II+V2+V4,158.696,20,2
42,empirical_diag,V3+V4+V6,158.304,21,3
42,empirical_diag,V1+V3+V6,156.475,22,3
42,empirical_diag,I+V3+V6,156.354,23,2
42,empirical_diag,V3+V5+V6,156.347,24,3
42,empirical_diag,I+V3+V4,156.223,25,2
42,empirical_diag,II+V2+V6,154.944,26,2
42,empirical_diag,I+V1+V4,153.703,27,2
42,empirical_diag,V1+V4+V5,153.085,28,3
42,empirical_diag,II+V3+V5,152.517,29,2
42,empirical_diag,I+V1+V3,151.652,30,2
42,empirical_diag,II+V2+V3,150.984,31,2
42,empirical_diag,V1+V4+V6,150.245,32,3
42,empirical_diag,II+V1+V2,149.91,33,2
42,empirical_diag,I+V1+V2,149.295,34,2
42,empirical_diag,II+V3+V6,149.026,35,2
42,empirical_diag,I+II+V2,148.381,36,1
42,empirical_diag,I+V4+V6,148.328,37,2
42,empirical_diag,I+V4+V5,148.249,38,2
42,empirical_diag,II+V1+V3,147.864,39,2
42,empirical_diag,II+V1+V4,147.055,40,2
42,empirical_diag,I+V1+V5,146.655,41,2
42,empirical_diag,II+V3+V4,144.721,42,2
42,empirical_diag,V4+V5+V6,144.537,43,3
42,empirical_diag,I+II+V3,141.011,44,1
42,empirical_diag,V1+V5+V6,140.667,45,3
42,empirical_diag,II+V4+V5,139.954,46,2
42,empirical_diag,II+V4+V6,139.881,47,2
42,empirical_diag,II+V1+V5,139.44,48,2
42,empirical_diag,I+V1+V6,134.997,49,2
42,empirical_diag,I+II+V4,134.575,50,1
42,empirical_diag,I+V5+V6,127.931,51,2
42,empirical_diag,II+V1+V6,125.34,52,2
42,empirical_diag,I+II+V1,121.353,53,1
42,empirical_diag,II+V5+V6,118.159,54,2
42,empirical_diag,I+II+V5,116.715,55,1
42,empirical_diag,I+II+V6,87.9412,56,1
42,empirical_full,I+V2+V4,81.3914,1,2
42,empirical_full,I+V2+V5,78.2754,2,2
42,empirical_full,II+V2+V4,77.4729,3,2
42,empirical_full,II+V2+V5,76.9605,4,2
42,empirical_full,V1+V2+V4,75.9343,5,3
42,empirical_full,I+V3+V4,74.6106,6,2
42,empirical_full,II+V3+V5,73.9594,7,2
42,empirical_full,I+V3+V5,73.4289,8,2
42,empirical_full,V2+V4+V5,72.8771,9,3
42,empirical_full,V2+V4+V6,72.0719,10,3
42,empirical_full,II+V3+V4,71.2708,11,2
42,empirical_full,I+V2+V3,70.7431,12,2
42,empirical_full,V1+V2+V5,69.8348,13,3
42,empirical_full,V2+V3+V5,69.645,14,3
42,empirical_full,I+V2+V6,69.409,15,2
42,empirical_full,II+V3+V6,68.2513,16,2
42,empirical_full,V2+V3+V4,68.2238,17,3
42,empirical_full,II+V2+V6,68.1078,18,2
42,empirical_full,I+V3+V6,67.5688,19,2
42,empirical_full,V1+V2+V3,67.3047,20,3
42,empirical_full,V2+V3+V6,66.1955,21,3
42,empirical_full,V1+V3+V4,66.1656,22,3
42,empirical_full,V3+V4+V5,65.9811,23,3
42,empirical_full,V3+V4+V6,64.7465,24,3
42,empirical_full,II+V4+V6,64.4618,25,2
42,empirical_full,II+V4+V5,64.2267,26,2
42,empirical_full,V2+V5+V6,63.661,27,3
42,empirical_full,I+V4+V6,62.4258,28,2
42,empirical_full,II+V2+V3,61.4964,29,2
42,empirical_full,I+II+V2,61.0274,30,1
42,empirical_full,V1+V2+V6,60.9686,31,3
42,empirical_full,I+V4+V5,60.9443,32,2
42,empirical_full,I+V1+V4,60.8471,33,2
42,empirical_full,II+V1+V4,60.8122,34,2
42,empirical_full,I+V1+V5,59.5962,35,2
42,empirical_full,V1+V3+V5,59.4193,36,3
42,empirical_full,I+II+V4,58.9337,37,1
42,empirical_full,II+V1+V5,58.8121,38,2
42,empirical_full,I+II+V3,58.4655,39,1
42,empirical_full,V3+V5+V6,56.1511,40,3
42,empirical_full,II+V1+V3,54.7923,41,2
42,empirical_full,V1+V3+V6,52.8885,42,3
42,empirical_full,I+II+V5,52.3922,43,1
42,empirical_full,II+V1+V2,52.099,44,2
42,empirical_full,I+V1+V3,51.7468,45,2
42,empirical_full,I+V5+V6,50.2285,46,2
42,empirical_full,II+V5+V6,50.09,47,2
42,empirical_full,I+V1+V6,49.4965,48,2
42,empirical_full,V1+V4+V6,45.039,49,3
42,empirical_full,V1+V4+V5,44.6699,50,3
42,empirical_full,V4+V5+V6,42.9201,51,3
42,empirical_full,I+V1+V2,42.7207,52,2
42,empirical_full,II+V1+V6,41.8676,53,2
42,empirical_full,I+II+V1,40.8025,54,1
42,empirical_full,V1+V5+V6,39.1405,55,3
42,empirical_full,I+II+V6,23.4098,56,1
42,limb_artifact_x4,V1+V2+V5,179.924,1,3
42,limb_artifact_x4,V1+V2+V4,179.9,2,3
42,limb_artifact_x4,V1+V2+V6,176.991,3,3
42,limb_artifact_x4,V1+V3+V5,174.723,4,3
42,limb_artifact_x4,V1+V2+V3,174.393,5,3
42,limb_artifact_x4,V1+V3+V4,173.895,6,3
42,limb_artifact_x4,V1+V3+V6,173.368,7,3
42,limb_artifact_x4,V1+V4+V5,171.342,8,3
42,limb_artifact_x4,V1+V4+V6,170.488,9,3
42,limb_artifact_x4,I+V1+V4,168.166,10,2
42,limb_artifact_x4,V1+V5+V6,167.069,11,3
42,limb_artifact_x4,I+V1+V5,166.161,12,2
42,limb_artifact_x4,V2+V4+V6,166.091,13,3
42,limb_artifact_x4,V2+V3+V6,165.391,14,3
42,limb_artifact_x4,II+V1+V4,164.546,15,2
42,limb_artifact_x4,I+V1+V3,164.308,16,2
42,limb_artifact_x4,V2+V3+V5,164.019,17,3
42,limb_artifact_x4,V2+V4+V5,163.842,18,3
42,limb_artifact_x4,II+V1+V3,163.176,19,2
42,limb_artifact_x4,V2+V5+V6,162.444,20,3
42,limb_artifact_x4,II+V1+V5,162.332,21,2
42,limb_artifact_x4,II+V1+V2,161.961,22,2
42,limb_artifact_x4,I+V1+V6,161.234,23,2
42,limb_artifact_x4,I+V2+V5,159.518,24,2
42,limb_artifact_x4,I+V1+V2,158.78,25,2
42,limb_artifact_x4,I+V2+V6,157.506,26,2
42,limb_artifact_x4,I+V2+V4,157.401,27,2
42,limb_artifact_x4,V3+V4+V6,157.133,28,3
42,limb_artifact_x4,II+V1+V6,156.399,29,2
42,limb_artifact_x4,V2+V3+V4,155.942,30,3
42,limb_artifact_x4,V3+V5+V6,155.608,31,3
42,limb_artifact_x4,I+V3+V6,153.521,32,2
42,limb_artifact_x4,II+V2+V5,153.497,33,2
42,limb_artifact_x4,II+V2+V6,152.954,34,2
42,limb_artifact_x4,V3+V4+V5,152.452,35,3
42,limb_artifact_x4,I+V3+V5,152.143,36,2
42,limb_artifact_x4,I+V2+V3,149.648,37,2
42,limb_artifact_x4,II+V3+V6,148.315,38,2
42,limb_artifact_x4,II+V2+V4,147.915,39,2
42,limb_artifact_x4,I+V4+V6,146.461,40,2
42,limb_artifact_x4,V4+V5+V6,146.276,41,3
42,limb_artifact_x4,II+V3+V5,145.971,42,2
42,limb_artifact_x4,I+V3+V4,144.278,43,2
42,limb_artifact_x4,I+II+V1,143.275,44,1
42,limb_artifact_x4,I+V4+V5,141.118,45,2
42,limb_artifact_x4,II+V4+V6,140.448,46,2
42,limb_artifact_x4,II+V2+V3,139.224,47,2
42,limb_artifact_x4,I+II+V2,135.171,48,1
42,limb_artifact_x4,II+V4+V5,134.725,49,2
42,limb_artifact_x4,II+V3+V4,134.373,50,2
42,limb_artifact_x4,I+V5+V6,129.713,51,2
42,limb_artifact_x4,I+II+V3,127.888,52,1
42,limb_artifact_x4,I+II+V4,123.064,53,1
42,limb_artifact_x4,II+V5+V6,122.952,54,2
42,limb_artifact_x4,I+II+V5,111.056,55,1
42,limb_artifact_x4,I+II+V6,88.6079,56,1
42,chest_artifact_x4,I+II+V1,172.813,1,1
42,chest_artifact_x4,I+II+V2,169.945,2,1
42,chest_artifact_x4,I+II+V3,167.685,3,1
42,chest_artifact_x4,I+V1+V4,166.331,4,2
42,chest_artifact_x4,I+V1+V5,164.294,5,2
42,chest_artifact_x4,I+V1+V3,163.073,6,2
42,chest_artifact_x4,I+II+V4,162.469,7,1
42,chest_artifact_x4,I+V2+V4,162.07,8,2
42,chest_artifact_x4,I+V1+V6,161.165,9,2
42,chest_artifact_x4,I+V2+V5,160.821,10,2
42,chest_artifact_x4,I+V2+V6,158.396,11,2
42,chest_artifact_x4,I+V2+V3,158.075,12,2
42,chest_artifact_x4,I+V1+V2,157.837,13,2
42,chest_artifact_x4,I+V3+V5,156.468,14,2
42,chest_artifact_x4,I+V3+V6,156.404,15,2
42,chest_artifact_x4,I+V3+V4,154.512,16,2
42,chest_artifact_x4,II+V1+V2,152.442,17,2
42,chest_artifact_x4,II+V1+V3,152.343,18,2
42,chest_artifact_x4,II+V1+V4,151.881,19,2
42,chest_artifact_x4,I+V4+V6,151.363,20,2
42,chest_artifact_x4,I+II+V5,150.296,21,1
42,chest_artifact_x4,II+V1+V5,149.403,22,2
42,chest_artifact_x4,I+V4+V5,148.833,23,2
42,chest_artifact_x4,II+V1+V6,144.743,24,2
42,chest_artifact_x4,V1+V2+V5,144.109,25,3
42,chest_artifact_x4,V1+V2+V4,144.084,26,3
42,chest_artifact_x4,II+V2+V5,142.06,27,2
42,chest_artifact_x4,II+V2+V6,141.955,28,2
42,chest_artifact_x4,V1+V2+V6,141.195,29,3
42,chest_artifact_x4,I+II+V6,140.875,30,1
42,chest_artifact_x4,V1+V3+V5,138.956,31,3
42,chest_artifact_x4,II+V2+V4,138.748,32,2
42,chest_artifact_x4,V1+V2+V3,138.605,33,3
42,chest_artifact_x4,II+V3+V6,138.525,34,2
42,chest_artifact_x4,V1+V3+V4,138.13,35,3
42,chest_artifact_x4,I+V5+V6,137.691,36,2
42,chest_artifact_x4,V1+V3+V6,137.607,37,3
42,chest_artifact_x4,II+V3+V5,137.219,38,2
42,chest_artifact_x4,II+V2+V3,136.549,39,2
42,chest_artifact_x4,V1+V4+V5,135.702,40,3
42,chest_artifact_x4,V1+V4+V6,134.825,41,3
42,chest_artifact_x4,II+V4+V6,131.57,42,2
42,chest_artifact_x4,II+V3+V4,131.568,43,2
42,chest_artifact_x4,V1+V5+V6,131.42,44,3
42,chest_artifact_x4,V2+V4+V6,130.359,45,3
42,chest_artifact_x4,V2+V3+V6,129.688,46,3
42,chest_artifact_x4,V2+V3+V5,128.34,47,3
42,chest_artifact_x4,V2+V4+V5,128.142,48,3
42,chest_artifact_x4,II+V4+V5,127.686,49,2
42,chest_artifact_x4,V2+V5+V6,126.781,50,3
42,chest_artifact_x4,V3+V4+V6,121.496,51,3
42,chest_artifact_x4,V2+V3+V4,120.402,52,3
42,chest_artifact_x4,V3+V5+V6,120.04,53,3
42,chest_artifact_x4,II+V5+V6,117.918,54,2
42,chest_artifact_x4,V3+V4+V5,116.86,55,3
42,chest_artifact_x4,V4+V5+V6,110.792,56,3
42,ar1_rho0.8,V1+V2+V5,63.5734,1,3
42,ar1_rho0.8,V1+V2+V4,63.4991,2,3
42,ar1_rho0.8,I+V1+V4,62.6938,3,2
42,ar1_rho0.8,V1+V2+V6,60.9217,4,3
42,ar1_rho0.8,I+V1+V5,60.723,5,2
42,ar1_rho0.8,I+V1+V3,59.621,6,2
42,ar1_rho0.8,V1+V3+V5,59.5394,7,3
42,ar1_rho0.8,V1+V2+V3,58.8441,8,3
42,ar1_rho0.8,V1+V3+V4,58.6657,9,3
42,ar1_rho0.8,V1+V3+V6,58.2716,10,3
42,ar1_rho0.8,V1+V4+V5,57.5941,11,3
42,ar1_rho0.8,I+V1+V6,56.9625,12,2
42,ar1_rho0.8,V1+V4+V6,56.6416,13,3
42,ar1_rho0.8,I+V1+V2,56.3873,14,2
42,ar1_rho0.8,II+V1+V4,56.3122,15,2
42,ar1_rho0.8,II+V1+V3,55.8351,16,2
42,ar1_rho0.8,I+V2+V5,55.686,17,2
42,ar1_rho0.8,II+V1+V2,55.5677,18,2
42,ar1_rho0.8,I+V2+V4,55.5231,19,2
42,ar1_rho0.8,II+V1+V5,54.0223,20,2
42,ar1_rho0.8,I+II+V1,53.547,21,1
42,ar1_rho0.8,I+V2+V6,53.46,22,2
42,ar1_rho0.8,V1+V5+V6,53.4284,23,3
42,ar1_rho0.8,V2+V4+V6,50.9306,24,3
42,ar1_rho0.8,V2+V3+V6,50.8107,25,3
42,ar1_rho0.8,I+V2+V3,50.7636,26,2
42,ar1_rho0.8,I+V3+V6,50.4071,27,2
42,ar1_rho0.8,I+V3+V5,49.9229,28,2
42,ar1_rho0.8,V2+V3+V5,49.6599,29,3
42,ar1_rho0.8,V2+V4+V5,49.1176,30,3
42,ar1_rho0.8,II+V1+V6,49.0315,31,2
42,ar1_rho0.8,V2+V5+V6,48.5811,32,3
42,ar1_rho0.8,I+II+V2,48.3894,33,1
42,ar1_rho0.8,II+V2+V5,45.9548,34,2
42,ar1_rho0.8,I+V3+V4,45.8033,35,2
42,ar1_rho0.8,II+V2+V6,45.5758,36,2
42,ar1_rho0.8,I+V4+V6,44.6725,37,2
42,ar1_rho0.8,I+II+V3,44.6115,38,1
42,ar1_rho0.8,V3+V4+V6,43.1663,39,3
42,ar1_rho0.8,V2+V3+V4,42.7429,40,3
42,ar1_rho0.8,V3+V5+V6,42.5596,41,3
42,ar1_rho0.8,II+V2+V4,41.9815,42,2
42,ar1_rho0.8,II+V3+V6,41.6078,43,2
42,ar1_rho0.8,I+V4+V5,41.4053,44,2
42,ar1_rho0.8,II+V3+V5,39.9752,45,2
42,ar1_rho0.8,I+II+V4,39.3579,46,1
42,ar1_rho0.8,V3+V4+V5,38.7964,47,3
42,ar1_rho0.8,II+V2+V3,37.8814,48,2
42,ar1_rho0.8,II+V4+V6,34.6373,49,2
42,ar1_rho0.8,V4+V5+V6,34.1148,50,3
42,ar1_rho0.8,II+V3+V4,32.466,51,2
42,ar1_rho0.8,I+V5+V6,30.6879,52,2
42,ar1_rho0.8,II+V4+V5,30.5023,53,2
42,ar1_rho0.8,I+II+V5,27.1675,54,1
42,ar1_rho0.8,II+V5+V6,19.7471,55,2
42,ar1_rho0.8,I+II+V6,13.2753,56,1
42,empirical_full_ar1,I+V2+V4,-20.6118,1,2
42,empirical_full_ar1,II+V2+V4,-22.8034,2,2
42,empirical_full_ar1,I+V2+V5,-23.5263,3,2
42,empirical_full_ar1,II+V2+V5,-24.2944,4,2
42,empirical_full_ar1,V1+V2+V4,-25.5034,5,3
42,empirical_full_ar1,I+V3+V4,-27.0358,6,2
42,empirical_full_ar1,II+V3+V5,-27.3154,7,2
42,empirical_full_ar1,V2+V4+V5,-27.9749,8,3
42,empirical_full_ar1,I+V3+V5,-28.0728,9,2
42,empirical_full_ar1,V2+V4+V6,-28.4495,10,3
42,empirical_full_ar1,II+V3+V4,-28.9626,11,2
42,empirical_full_ar1,I+V2+V3,-30.6826,12,2
42,empirical_full_ar1,V2+V3+V5,-30.9757,13,3
42,empirical_full_ar1,V2+V3+V4,-31.0848,14,3
42,empirical_full_ar1,V1+V2+V5,-31.0926,15,3
42,empirical_full_ar1,I+V2+V6,-31.8616,16,2
42,empirical_full_ar1,II+V3+V6,-32.8712,17,2
42,empirical_full_ar1,II+V2+V6,-32.8847,18,2
42,empirical_full_ar1,I+V3+V6,-33.6524,19,2
42,empirical_full_ar1,V1+V2+V3,-33.7053,20,3
42,empirical_full_ar1,V2+V3+V6,-34.0839,21,3
42,empirical_full_ar1,V3+V4+V5,-34.0887,22,3
42,empirical_full_ar1,V1+V3+V4,-34.1941,23,3
42,empirical_full_ar1,V3+V4+V6,-34.9262,24,3
42,empirical_full_ar1,V2+V5+V6,-35.109,25,3
42,empirical_full_ar1,II+V4+V6,-36.5184,26,2
42,empirical_full_ar1,II+V4+V5,-36.6624,27,2
42,empirical_full_ar1,II+V2+V3,-37.2422,28,2
42,empirical_full_ar1,I+V4+V6,-38.3695,29,2
42,empirical_full_ar1,V1+V2+V6,-39.2171,30,3
42,empirical_full_ar1,I+V4+V5,-39.5601,31,2
42,empirical_full_ar1,I+II+V2,-39.571,32,1
42,empirical_full_ar1,I+V1+V4,-39.6746,33,2
42,empirical_full_ar1,II+V1+V4,-39.7029,34,2
42,empirical_full_ar1,V1+V3+V5,-39.8375,35,3
42,empirical_full_ar1,I+V1+V5,-40.7236,36,2
42,empirical_full_ar1,I+II+V4,-40.9554,37,1
42,empirical_full_ar1,V3+V5+V6,-41.2073,38,3
42,empirical_full_ar1,II+V1+V5,-41.7226,39,2
42,empirical_full_ar1,I+II+V3,-41.9068,40,1
42,empirical_full_ar1,II+V1+V3,-45.1728,41,2
42,empirical_full_ar1,V1+V3+V6,-45.7691,42,3
42,empirical_full_ar1,I+II+V5,-45.7984,43,1
42,empirical_full_ar1,II+V1+V2,-47.4713,44,2
42,empirical_full_ar1,I+V1+V3,-48.1565,45,2
42,empirical_full_ar1,I+V5+V6,-49.4084,46,2
42,empirical_full_ar1,II+V5+V6,-49.7533,47,2
42,empirical_full_ar1,I+V1+V6,-50.2736,48,2
42,empirical_full_ar1,V1+V4+V5,-51.4662,49,3
42,empirical_full_ar1,V1+V4+V6,-51.6192,50,3
42,empirical_full_ar1,V4+V5+V6,-53.6886,51,3
42,empirical_full_ar1,I+V1+V2,-54.231,52,2
42,empirical_full_ar1,II+V1+V6,-57.1453,53,2
42,empirical_full_ar1,V1+V5+V6,-57.2069,54,3
42,empirical_full_ar1,I+II+V1,-58.4037,55,1
42,empirical_full_ar1,I+II+V6,-69.6848,56,1
1,identity,I+V1+V5,191.932,1,2
1,identity,I+V1+V4,190.457,2,2
1,identity,I+V1+V6,188.514,3,2
1,identity,V1+V2+V5,184.764,4,3
1,identity,II+V1+V5,183.893,5,2
1,identity,I+V2+V5,183.283,6,2
1,identity,I+II+V1,182.278,7,1
1,identity,V1+V2+V6,182.095,8,3
1,identity,V1+V4+V5,181.699,9,3
1,identity,I+V2+V6,181.663,10,2
1,identity,II+V1+V4,181.556,11,2
1,identity,V1+V5+V6,181.449,12,3
1,identity,I+V1+V3,181.413,13,2
1,identity,V1+V2+V4,181.017,14,3
1,identity,V1+V4+V6,180.971,15,3
1,identity,I+V3+V6,180.421,16,2
1,identity,V1+V3+V5,180.379,17,3
1,identity,II+V1+V6,179.891,18,2
1,identity,I+V4+V6,179.554,19,2
1,identity,I+V3+V5,179.402,20,2
1,identity,V1+V3+V6,179.13,21,3
1,identity,I+V2+V4,179.014,22,2
1,identity,II+V1+V3,176.138,23,2
1,identity,V1+V3+V4,176.015,24,3
1,identity,I+V4+V5,175.144,25,2
1,identity,II+V1+V2,173.891,26,2
1,identity,V2+V5+V6,173.593,27,3
1,identity,V2+V4+V6,173.179,28,3
1,identity,I+V5+V6,173.031,29,2
1,identity,I+II+V2,172.127,30,1
1,identity,I+V3+V4,171.807,31,2
1,identity,V2+V4+V5,170.732,32,3
1,identity,II+V2+V6,170.462,33,2
1,identity,I+II+V3,170.055,34,1
1,identity,I+V1+V2,169.729,35,2
1,identity,II+V2+V5,169.572,36,2
1,identity,V3+V5+V6,169.553,37,3
1,identity,I+II+V4,169.296,38,1
1,identity,II+V3+V6,168.117,39,2
1,identity,V1+V2+V3,167.681,40,3
1,identity,I+V2+V3,167.557,41,2
1,identity,V4+V5+V6,167.114,42,3
1,identity,V3+V4+V6,167.057,43,3
1,identity,V2+V3+V6,166.579,44,3
1,identity,II+V4+V6,166.483,45,2
1,identity,V2+V3+V5,165.212,46,3
1,identity,II+V3+V5,165.049,47,2
1,identity,I+II+V5,163.084,48,1
1,identity,V3+V4+V5,163.058,49,3
1,identity,II+V5+V6,160.347,50,2
1,identity,II+V4+V5,160.057,51,2
1,identity,II+V2+V4,157.543,52,2
1,identity,I+II+V6,156.695,53,1
1,identity,V2+V3+V4,150.743,54,3
1,identity,II+V3+V4,148.769,55,2
1,identity,II+V2+V3,140.34,56,2
1,empirical_diag,V2+V4+V5,186.601,1,3
1,empirical_diag,I+V2+V5,183.83,2,2
1,empirical_diag,V2+V4+V6,182.985,3,3
1,empirical_diag,V1+V2+V5,182.431,4,3
1,empirical_diag,V2+V5+V6,181.673,5,3
1,empirical_diag,I+V2+V4,180.98,6,2
1,empirical_diag,V2+V3+V5,180.464,7,3
1,empirical_diag,V1+V2+V4,180.044,8,3
1,empirical_diag,I+V3+V5,178.858,9,2
1,empirical_diag,V3+V4+V5,178.234,10,3
1,empirical_diag,V1+V4+V5,177.113,11,3
1,empirical_diag,V3+V5+V6,176.925,12,3
1,empirical_diag,V1+V3+V5,176.774,13,3
1,empirical_diag,V3+V4+V6,175.424,14,3
1,empirical_diag,I+V2+V6,175.416,15,2
1,empirical_diag,II+V2+V5,174.875,16,2
1,empirical_diag,I+V4+V5,174.142,17,2
1,empirical_diag,V4+V5+V6,174.085,18,3
1,empirical_diag,V2+V3+V6,174.046,19,3
1,empirical_diag,I+V1+V4,173.727,20,2
1,empirical_diag,I+V3+V6,173.46,21,2
1,empirical_diag,I+V4+V6,173.408,22,2
1,empirical_diag,V1+V2+V6,173.078,23,3
1,empirical_diag,I+V1+V5,173.053,24,2
1,empirical_diag,V1+V3+V4,172.821,25,3
1,empirical_diag,V1+V4+V6,172.624,26,3
1,empirical_diag,I+V3+V4,171.545,27,2
1,empirical_diag,V2+V3+V4,170.902,28,3
1,empirical_diag,II+V3+V5,169.724,29,2
1,empirical_diag,V1+V3+V6,169.564,30,3
1,empirical_diag,V1+V5+V6,169.375,31,3
1,empirical_diag,II+V2+V6,167.143,32,2
1,empirical_diag,II+V2+V4,166.828,33,2
1,empirical_diag,II+V1+V5,165.621,34,2
1,empirical_diag,II+V1+V4,165.377,35,2
1,empirical_diag,I+V2+V3,165.163,36,2
1,empirical_diag,II+V4+V5,164.917,37,2
1,empirical_diag,II+V3+V6,164.429,38,2
1,empirical_diag,II+V4+V6,164.117,39,2
1,empirical_diag,I+V5+V6,163.864,40,2
1,empirical_diag,V1+V2+V3,162.629,41,3
1,empirical_diag,I+V1+V6,161.853,42,2
1,empirical_diag,I+V1+V3,161.577,43,2
1,empirical_diag,II+V3+V4,156.186,44,2
1,empirical_diag,II+V1+V3,155.664,45,2
1,empirical_diag,I+II+V2,155.472,46,1
1,empirical_diag,I+II+V4,155.244,47,1
1,empirical_diag,II+V5+V6,154.596,48,2
1,empirical_diag,II+V1+V2,153.041,49,2
1,empirical_diag,II+V1+V6,153.001,50,2
1,empirical_diag,I+II+V3,152.726,51,1
1,empirical_diag,I+V1+V2,150.775,52,2
1,empirical_diag,I+II+V5,147.297,53,1
1,empirical_diag,II+V2+V3,143.282,54,2
1,empirical_diag,I+II+V1,142.526,55,1
1,empirical_diag,I+II+V6,132.241,56,1
1,empirical_full,I+V2+V4,98.2265,1,2
1,empirical_full,II+V2+V4,97.1043,2,2
1,empirical_full,II+V2+V5,95.9328,3,2
1,empirical_full,I+V2+V5,95.3662,4,2
1,empirical_full,V1+V2+V4,92.9378,5,3
1,empirical_full,II+V3+V5,91.9708,6,2
1,empirical_full,I+V3+V4,91.5946,7,2
1,empirical_full,V2+V4+V5,90.6574,8,3
1,empirical_full,I+V3+V5,90.5435,9,2
1,empirical_full,V2+V4+V6,89.2596,10,3
1,empirical_full,II+V3+V4,89.0766,11,2
1,empirical_full,V2+V3+V5,86.1357,12,3
1,empirical_full,V1+V2+V5,85.9921,13,3
1,empirical_full,II+V4+V5,85.2082,14,2
1,empirical_full,V2+V3+V4,85.1593,15,3
1,empirical_full,II+V4+V6,84.9575,16,2
1,empirical_full,V3+V4+V5,83.9124,17,3
1,empirical_full,V1+V3+V4,83.7017,18,3
1,empirical_full,I+V2+V3,83.5297,19,2
1,empirical_full,II+V3+V6,83.2823,20,2
1,empirical_full,II+V1+V5,83.1136,21,2
1,empirical_full,II+V2+V6,82.8403,22,2
1,empirical_full,I+V2+V6,82.4041,23,2
1,empirical_full,I+V1+V5,81.9319,24,2
1,empirical_full,V3+V4+V6,81.7659,25,3
1,empirical_full,I+V3+V6,80.7542,26,2
1,empirical_full,V2+V3+V6,80.3785,27,3
1,empirical_full,V1+V2+V3,79.9765,28,3
1,empirical_full,I+V4+V5,79.7666,29,2
1,empirical_full,II+V1+V4,79.5657,30,2
1,empirical_full,V2+V5+V6,79.5645,31,3
1,empirical_full,I+V1+V4,79.4054,32,2
1,empirical_full,I+V4+V6,78.1487,33,2
1,empirical_full,II+V5+V6,76.8274,34,2
1,empirical_full,I+II+V5,75.4136,35,1
1,empirical_full,I+II+V4,75.3983,36,1
1,empirical_full,V1+V3+V5,75.2218,37,3
1,empirical_full,V1+V2+V6,72.8471,38,3
1,empirical_full,II+V2+V3,72.6181,39,2
1,empirical_full,V3+V5+V6,70.888,40,3
1,empirical_full,I+V5+V6,70.5448,41,2
1,empirical_full,I+V1+V6,69.4761,42,2
1,empirical_full,I+II+V2,67.479,43,1
1,empirical_full,II+V1+V6,66.735,44,2
1,empirical_full,I+II+V3,66.615,45,1
1,empirical_full,V1+V3+V6,64.8782,46,3
1,empirical_full,II+V1+V3,64.3453,47,2
1,empirical_full,V1+V4+V5,64.2205,48,3
1,empirical_full,I+V1+V3,64.2148,49,2
1,empirical_full,V1+V4+V6,63.1028,50,3
1,empirical_full,V4+V5+V6,61.7323,51,3
1,empirical_full,V1+V5+V6,60.4422,52,3
1,empirical_full,I+II+V6,57.9215,53,1
1,empirical_full,II+V1+V2,57.1315,54,2
1,empirical_full,I+II+V1,53.2847,55,1
1,empirical_full,I+V1+V2,45.2764,56,2
1,limb_artifact_x4,V1+V2+V5,194.477,1,3
1,limb_artifact_x4,V1+V2+V6,191.804,2,3
1,limb_artifact_x4,V1+V4+V5,191.374,3,3
1,limb_artifact_x4,V1+V5+V6,191.124,4,3
1,limb_artifact_x4,V1+V2+V4,190.73,5,3
1,limb_artifact_x4,V1+V4+V6,190.648,6,3
1,limb_artifact_x4,V1+V3+V5,190.081,7,3
1,limb_artifact_x4,V1+V3+V6,188.831,8,3
1,limb_artifact_x4,I+V1+V5,188.36,9,2
1,limb_artifact_x4,I+V1+V4,185.946,10,2
1,limb_artifact_x4,V1+V3+V4,185.717,11,3
1,limb_artifact_x4,I+V1+V6,184.454,12,2
1,limb_artifact_x4,II+V1+V5,184.334,13,2
1,limb_artifact_x4,V2+V5+V6,183.274,14,3
1,limb_artifact_x4,V2+V4+V6,182.88,15,3
1,limb_artifact_x4,II+V1+V4,181.641,16,2
1,limb_artifact_x4,V2+V4+V5,180.43,17,3
1,limb_artifact_x4,II+V1+V6,179.749,18,2
1,limb_artifact_x4,V3+V5+V6,179.22,19,3
1,limb_artifact_x4,V1+V2+V3,177.381,20,3
1,limb_artifact_x4,V4+V5+V6,176.786,21,3
1,limb_artifact_x4,V3+V4+V6,176.744,22,3
1,limb_artifact_x4,I+V2+V5,176.672,23,2
1,limb_artifact_x4,V2+V3+V6,176.268,24,3
1,limb_artifact_x4,I+V2+V6,175.446,25,2
1,limb_artifact_x4,V2+V3+V5,174.898,26,3
1,limb_artifact_x4,I+V1+V3,174.386,27,2
1,limb_artifact_x4,I+V3+V6,173.764,28,2
1,limb_artifact_x4,II+V1+V3,173.74,29,2
1,limb_artifact_x4,I+V4+V6,173.439,30,2
1,limb_artifact_x4,V3+V4+V5,172.743,31,3
1,limb_artifact_x4,I+V3+V5,171.851,32,2
1,limb_artifact_x4,II+V1+V2,170.421,33,2
1,limb_artifact_x4,II+V2+V6,170.039,34,2
1,limb_artifact_x4,II+V2+V5,169.645,35,2
1,limb_artifact_x4,I+V2+V4,168.914,36,2
1,limb_artifact_x4,II+V3+V6,167.823,37,2
1,limb_artifact_x4,I+V4+V5,167.499,38,2
1,limb_artifact_x4,II+V4+V6,167.188,39,2
1,limb_artifact_x4,I+V5+V6,167.088,40,2
1,limb_artifact_x4,II+V3+V5,164.826,41,2
1,limb_artifact_x4,I+V1+V2,161.491,42,2
1,limb_artifact_x4,I+II+V1,161.007,43,1
1,limb_artifact_x4,II+V5+V6,160.864,44,2
1,limb_artifact_x4,II+V4+V5,160.496,45,2
1,limb_artifact_x4,V2+V3+V4,160.399,46,3
1,limb_artifact_x4,I+V3+V4,159.439,47,2
1,limb_artifact_x4,II+V2+V4,156.461,48,2
1,limb_artifact_x4,I+V2+V3,151.375,49,2
1,limb_artifact_x4,II+V3+V4,146.012,50,2
1,limb_artifact_x4,I+II+V4,143.296,51,1
1,limb_artifact_x4,I+II+V2,141.724,52,1
1,limb_artifact_x4,I+II+V5,141.519,53,1
1,limb_artifact_x4,I+II+V3,139.131,54,1
1,limb_artifact_x4,I+II+V6,136.16,55,1
1,limb_artifact_x4,II+V2+V3,131.697,56,2
1,chest_artifact_x4,I+II+V1,198.356,1,1
1,chest_artifact_x4,I+II+V2,193.95,2,1
1,chest_artifact_x4,I+II+V3,192.38,3,1
1,chest_artifact_x4,I+V1+V5,189.806,4,2
1,chest_artifact_x4,I+II+V4,189.753,5,1
1,chest_artifact_x4,I+V1+V4,189.535,6,2
1,chest_artifact_x4,I+V1+V6,187.056,7,2
1,chest_artifact_x4,I+V2+V5,185.095,8,2
1,chest_artifact_x4,I+V2+V4,183.763,9,2
1,chest_artifact_x4,I+V2+V6,183.266,10,2
1,chest_artifact_x4,I+V1+V3,183.217,11,2
1,chest_artifact_x4,I+V3+V6,182.507,12,2
1,chest_artifact_x4,I+II+V5,182.489,13,1
1,chest_artifact_x4,I+V3+V5,182.264,14,2
1,chest_artifact_x4,I+V4+V6,181.186,15,2
1,chest_artifact_x4,I+V3+V4,178.426,16,2
1,chest_artifact_x4,I+V4+V5,178.341,17,2
1,chest_artifact_x4,I+II+V6,177.412,18,1
1,chest_artifact_x4,I+V2+V3,176.597,19,2
1,chest_artifact_x4,I+V5+V6,174.948,20,2
1,chest_artifact_x4,I+V1+V2,174.359,21,2
1,chest_artifact_x4,II+V1+V5,173.578,22,2
1,chest_artifact_x4,II+V1+V4,171.942,23,2
1,chest_artifact_x4,II+V1+V6,170.471,24,2
1,chest_artifact_x4,II+V1+V3,169.109,25,2
1,chest_artifact_x4,II+V1+V2,168.217,26,2
1,chest_artifact_x4,II+V2+V6,162.216,27,2
1,chest_artifact_x4,II+V2+V5,160.988,28,2
1,chest_artifact_x4,II+V3+V6,159.648,29,2
1,chest_artifact_x4,V1+V2+V5,158.64,30,3
1,chest_artifact_x4,II+V3+V5,156.83,31,2
1,chest_artifact_x4,II+V4+V6,156.802,32,2
1,chest_artifact_x4,V1+V2+V6,155.988,33,3
1,chest_artifact_x4,V1+V4+V5,155.704,34,3
1,chest_artifact_x4,V1+V5+V6,155.459,35,3
1,chest_artifact_x4,V1+V4+V6,154.97,36,3
1,chest_artifact_x4,V1+V2+V4,154.895,37,3
1,chest_artifact_x4,V1+V3+V5,154.293,38,3
1,chest_artifact_x4,V1+V3+V6,153.054,39,3
1,chest_artifact_x4,II+V2+V4,151.838,40,2
1,chest_artifact_x4,II+V4+V5,151.076,41,2
1,chest_artifact_x4,II+V5+V6,150.48,42,2
1,chest_artifact_x4,V1+V3+V4,149.93,43,3
1,chest_artifact_x4,V2+V5+V6,147.583,44,3
1,chest_artifact_x4,V2+V4+V6,147.097,45,3
1,chest_artifact_x4,II+V3+V4,145.271,46,2
1,chest_artifact_x4,V2+V4+V5,144.666,47,3
1,chest_artifact_x4,V3+V5+V6,143.59,48,3
1,chest_artifact_x4,II+V2+V3,142.579,49,2
1,chest_artifact_x4,V1+V2+V3,141.606,50,3
1,chest_artifact_x4,V4+V5+V6,141.133,51,3
1,chest_artifact_x4,V3+V4+V6,141.026,52,3
1,chest_artifact_x4,V2+V3+V6,140.541,53,3
1,chest_artifact_x4,V2+V3+V5,139.184,54,3
1,chest_artifact_x4,V3+V4+V5,137.038,55,3
1,chest_artifact_x4,V2+V3+V4,124.824,56,3
1,ar1_rho0.8,I+V1+V5,87.1962,1,2
1,ar1_rho0.8,I+V1+V4,85.6451,2,2
1,ar1_rho0.8,I+V1+V6,84.0188,3,2
1,ar1_rho0.8,V1+V2+V5,80.7965,4,3
1,ar1_rho0.8,V1+V4+V5,80.6193,5,3
1,ar1_rho0.8,V1+V5+V6,80.3729,6,3
1,ar1_rho0.8,II+V1+V5,79.9239,7,2
1,ar1_rho0.8,V1+V4+V6,79.7819,8,3
1,ar1_rho0.8,I+V2+V5,78.775,9,2
1,ar1_rho0.8,V1+V2+V6,78.2952,10,3
1,ar1_rho0.8,I+II+V1,78.0287,11,1
1,ar1_rho0.8,V1+V3+V5,77.7021,12,3
1,ar1_rho0.8,II+V1+V4,77.6177,13,2
1,ar1_rho0.8,I+V2+V6,77.312,14,2
1,ar1_rho0.8,V1+V2+V4,77.0405,15,3
1,ar1_rho0.8,I+V1+V3,77.0301,16,2
1,ar1_rho0.8,V1+V3+V6,76.4469,17,3
1,ar1_rho0.8,II+V1+V6,76.2871,18,2
1,ar1_rho0.8,I+V3+V6,76.0407,19,2
1,ar1_rho0.8,I+V4+V6,75.4696,20,2
1,ar1_rho0.8,I+V3+V5,75.0601,21,2
1,ar1_rho0.8,I+V2+V4,74.5396,22,2
1,ar1_rho0.8,V1+V3+V4,73.3197,23,3
1,ar1_rho0.8,V2+V5+V6,72.4293,24,3
1,ar1_rho0.8,II+V1+V3,72.3054,25,2
1,ar1_rho0.8,I+V4+V5,71.5842,26,2
1,ar1_rho0.8,V2+V4+V6,70.6888,27,3
1,ar1_rho0.8,II+V1+V2,70.2526,28,2
1,ar1_rho0.8,I+V5+V6,70.0102,29,2
1,ar1_rho0.8,V3+V5+V6,69.0015,30,3
1,ar1_rho0.8,V2+V4+V5,68.7492,31,3
1,ar1_rho0.8,I+V1+V2,68.1213,32,2
1,ar1_rho0.8,I+II+V2,68.1128,33,1
1,ar1_rho0.8,I+V3+V4,67.9354,34,2
1,ar1_rho0.8,II+V2+V6,67.1344,35,2
1,ar1_rho0.8,V4+V5+V6,66.6996,36,3
1,ar1_rho0.8,II+V2+V5,66.3938,37,2
1,ar1_rho0.8,I+II+V3,66.0647,38,1
1,ar1_rho0.8,V3+V4+V6,65.7029,39,3
1,ar1_rho0.8,I+II+V4,65.5913,40,1
1,ar1_rho0.8,II+V3+V6,64.8102,41,2
1,ar1_rho0.8,V2+V3+V6,64.6869,42,3
1,ar1_rho0.8,V1+V2+V3,64.2103,43,3
1,ar1_rho0.8,I+V2+V3,63.75,44,2
1,ar1_rho0.8,V2+V3+V5,63.6656,45,3
1,ar1_rho0.8,II+V4+V6,63.3513,46,2
1,ar1_rho0.8,V3+V4+V5,62.0394,47,3
1,ar1_rho0.8,II+V3+V5,61.9899,48,2
1,ar1_rho0.8,I+II+V5,60.7788,49,1
1,ar1_rho0.8,II+V5+V6,57.9671,50,2
1,ar1_rho0.8,II+V4+V5,57.4479,51,2
1,ar1_rho0.8,I+II+V6,56.6683,52,1
1,ar1_rho0.8,II+V2+V4,55.5882,53,2
1,ar1_rho0.8,V2+V3+V4,50.8832,54,3
1,ar1_rho0.8,II+V3+V4,47.4599,55,2
1,ar1_rho0.8,II+V2+V3,40.4463,56,2
1,empirical_full_ar1,II+V2+V4,-0.805161,1,2
1,empirical_full_ar1,I+V2+V4,-1.25729,2,2
1,empirical_full_ar1,II+V2+V5,-3.02193,3,2
1,empirical_full_ar1,I+V2+V5,-4.01681,4,2
1,empirical_full_ar1,V1+V2+V4,-6.04819,5,3
1,empirical_full_ar1,II+V3+V5,-7.09174,6,2
1,empirical_full_ar1,I+V3+V4,-7.67316,7,2
1,empirical_full_ar1,V2+V4+V5,-7.98422,8,3
1,empirical_full_ar1,I+V3+V5,-8.71167,9,2
1,empirical_full_ar1,II+V3+V4,-8.76356,10,2
1,empirical_full_ar1,V2+V4+V6,-9.01951,11,3
1,empirical_full_ar1,V2+V3+V4,-11.8278,12,3
1,empirical_full_ar1,V2+V3+V5,-12.317,13,3
1,empirical_full_ar1,V1+V2+V5,-12.651,14,3
1,empirical_full_ar1,II+V4+V5,-13.5145,15,2
1,empirical_full_ar1,II+V4+V6,-13.8314,16,2
1,empirical_full_ar1,V3+V4+V5,-14.1147,17,3
1,empirical_full_ar1,V1+V3+V4,-14.5434,18,3
1,empirical_full_ar1,I+V2+V3,-15.3536,19,2
1,empirical_full_ar1,II+V1+V5,-15.5555,20,2
1,empirical_full_ar1,II+V3+V6,-15.6557,21,2
1,empirical_full_ar1,V3+V4+V6,-15.8113,22,3
1,empirical_full_ar1,II+V2+V6,-15.9374,23,2
1,empirical_full_ar1,I+V2+V6,-16.4061,24,2
1,empirical_full_ar1,I+V1+V5,-16.8314,25,2
1,empirical_full_ar1,V2+V5+V6,-17.1032,26,3
1,empirical_full_ar1,V2+V3+V6,-17.6487,27,3
1,empirical_full_ar1,I+V3+V6,-18.0345,28,2
1,empirical_full_ar1,V1+V2+V3,-18.4832,29,3
1,empirical_full_ar1,II+V1+V4,-18.776,30,2
1,empirical_full_ar1,I+V4+V5,-18.8985,31,2
1,empirical_full_ar1,I+V1+V4,-19.2437,32,2
1,empirical_full_ar1,I+V4+V6,-20.4272,33,2
1,empirical_full_ar1,II+V5+V6,-21.3463,34,2
1,empirical_full_ar1,I+II+V5,-21.6323,35,1
1,empirical_full_ar1,V1+V3+V5,-22.1548,36,3
1,empirical_full_ar1,I+II+V4,-22.5594,37,1
1,empirical_full_ar1,II+V2+V3,-23.4259,38,2
1,empirical_full_ar1,V3+V5+V6,-24.4223,39,3
1,empirical_full_ar1,V1+V2+V6,-25.1272,40,3
1,empirical_full_ar1,I+V5+V6,-27.4671,41,2
1,empirical_full_ar1,I+V1+V6,-28.6907,42,2
1,empirical_full_ar1,V1+V4+V5,-30.3443,43,3
1,empirical_full_ar1,I+II+V2,-30.4804,44,1
1,empirical_full_ar1,I+II+V3,-31.1314,45,1
1,empirical_full_ar1,II+V1+V6,-31.2564,46,2
1,empirical_full_ar1,V1+V4+V6,-31.8006,47,3
1,empirical_full_ar1,V1+V3+V6,-31.8807,48,3
1,empirical_full_ar1,V4+V5+V6,-33.1948,49,3
1,empirical_full_ar1,II+V1+V3,-33.4167,50,2
1,empirical_full_ar1,I+V1+V3,-33.6357,51,2
1,empirical_full_ar1,V1+V5+V6,-34.6387,52,3
1,empirical_full_ar1,I+II+V6,-36.7205,53,1
1,empirical_full_ar1,II+V1+V2,-40.0345,54,2
1,empirical_full_ar1,I+II+V1,-44.0525,55,1
1,empirical_full_ar1,I+V1+V2,-49.8281,56,2
2,identity,I+V1+V5,178.509,1,2
2,identity,I+V1+V4,178.252,2,2
2,identity,I+V1+V6,176.915,3,2
2,identity,I+II+V1,175.376,4,1
2,identity,V1+V2+V5,173.689,5,3
2,identity,I+V1+V3,172.594,6,2
2,identity,V1+V2+V4,172.499,7,3
2,identity,V1+V2+V6,171.642,8,3
2,identity,II+V1+V5,171.536,9,2
2,identity,II+V1+V4,171.01,10,2
2,identity,I+V2+V5,169.823,11,2
2,identity,I+V2+V6,169.51,12,2
2,identity,II+V1+V2,169.478,13,2
2,identity,II+V1+V3,169.202,14,2
2,identity,II+V1+V6,169.16,15,2
2,identity,I+V2+V4,168.113,16,2
2,identity,I+II+V2,165.341,17,1
2,identity,V1+V3+V5,165.262,18,3
2,identity,V1+V3+V6,164.744,19,3
2,identity,I+V3+V6,164.149,20,2
2,identity,I+V1+V2,164.052,21,2
2,identity,V1+V3+V4,163.849,22,3
2,identity,V1+V2+V3,162.464,23,3
2,identity,I+V2+V3,161.494,24,2
2,identity,I+V3+V5,161.067,25,2
2,identity,II+V2+V6,160.586,26,2
2,identity,V1+V4+V6,160.483,27,3
2,identity,V1+V4+V5,159.471,28,3
2,identity,I+II+V3,159.185,29,1
2,identity,V1+V5+V6,158.724,30,3
2,identity,II+V2+V5,158.51,31,2
2,identity,V2+V4+V6,157.692,32,3
2,identity,I+V4+V6,157.491,33,2
2,identity,I+V3+V4,155.54,34,2
2,identity,V2+V3+V6,154.822,35,3
2,identity,II+V3+V6,154.376,36,2
2,identity,V2+V4+V5,153.913,37,3
2,identity,V2+V5+V6,153.729,38,3
2,identity,V2+V3+V5,153.041,39,3
2,identity,II+V2+V4,151.292,40,2
2,identity,I+II+V4,151.291,41,1
2,identity,II+V3+V5,149.542,42,2
2,identity,I+V5+V6,148.872,43,2
2,identity,I+V4+V5,147.557,44,2
2,identity,II+V4+V6,146.928,45,2
2,identity,V3+V4+V6,145.245,46,3
2,identity,V2+V3+V4,144.961,47,3
2,identity,I+II+V5,143.74,48,1
2,identity,II+V2+V3,143.715,49,2
2,identity,V3+V5+V6,143.441,50,3
2,identity,I+II+V6,142.313,51,1
2,identity,II+V5+V6,138.905,52,2
2,identity,V3+V4+V5,138.858,53,3
2,identity,II+V3+V4,138.126,54,2
2,identity,II+V4+V5,136.318,55,2
2,identity,V4+V5+V6,129.671,56,3
2,empirical_diag,I+V2+V4,172.69,1,2
2,empirical_diag,V1+V2+V4,172.661,2,3
2,empirical_diag,I+V2+V5,172.294,3,2
2,empirical_diag,V1+V2+V5,171.541,4,3
2,empirical_diag,V2+V4+V5,171.309,5,3
2,empirical_diag,V2+V3+V5,170.249,6,3
2,empirical_diag,V2+V4+V6,170.127,7,3
2,empirical_diag,I+V2+V6,166.36,8,2
2,empirical_diag,V2+V3+V6,166.313,9,3
2,empirical_diag,V2+V3+V4,165.467,10,3
2,empirical_diag,V2+V5+V6,164.506,11,3
2,empirical_diag,I+V2+V3,164.329,12,2
2,empirical_diag,V1+V2+V6,164.27,13,3
2,empirical_diag,II+V2+V5,163.803,14,2
2,empirical_diag,V1+V2+V3,162.09,15,3
2,empirical_diag,I+V3+V5,161.521,16,2
2,empirical_diag,V1+V3+V5,160.233,17,3
2,empirical_diag,II+V2+V4,160.208,18,2
2,empirical_diag,V1+V3+V4,160.145,19,3
2,empirical_diag,II+V2+V6,159.136,20,2
2,empirical_diag,I+V3+V6,159.117,21,2
2,empirical_diag,I+V3+V4,157.361,22,2
2,empirical_diag,I+V1+V4,157.33,23,2
2,empirical_diag,V3+V4+V6,155.825,24,3
2,empirical_diag,V1+V3+V6,155.586,25,3
2,empirical_diag,V3+V4+V5,155.47,26,3
2,empirical_diag,I+V1+V5,154.559,27,2
2,empirical_diag,I+V1+V3,153.915,28,2
2,empirical_diag,I+II+V2,153.275,29,1
2,empirical_diag,V3+V5+V6,153.168,30,3
2,empirical_diag,II+V3+V5,152.819,31,2
2,empirical_diag,II+V1+V2,151.496,32,2
2,empirical_diag,II+V3+V6,151.034,33,2
2,empirical_diag,II+V1+V3,150.134,34,2
2,empirical_diag,II+V1+V4,149.755,35,2
2,empirical_diag,I+V4+V6,149.355,36,2
2,empirical_diag,II+V2+V3,149.33,37,2
2,empirical_diag,V1+V4+V5,148.05,38,3
2,empirical_diag,I+V1+V6,147.906,39,2
2,empirical_diag,V1+V4+V6,147.546,40,3
2,empirical_diag,II+V1+V5,147.008,41,2
2,empirical_diag,I+V1+V2,146.229,42,2
2,empirical_diag,I+II+V3,145.386,43,1
2,empirical_diag,II+V3+V4,144.255,44,2
2,empirical_diag,I+V4+V5,144.125,45,2
2,empirical_diag,V1+V5+V6,140.762,46,3
2,empirical_diag,II+V4+V6,139.94,47,2
2,empirical_diag,II+V1+V6,139.201,48,2
2,empirical_diag,I+V5+V6,137.014,49,2
2,empirical_diag,V4+V5+V6,136.175,50,3
2,empirical_diag,I+II+V1,135.713,51,1
2,empirical_diag,II+V4+V5,134.914,52,2
2,empirical_diag,I+II+V4,132.178,53,1
2,empirical_diag,II+V5+V6,127.635,54,2
2,empirical_diag,I+II+V5,122.571,55,1
2,empirical_diag,I+II+V6,115.404,56,1
2,empirical_full,I+V2+V4,93.3457,1,2
2,empirical_full,I+V2+V5,89.7102,2,2
2,empirical_full,V1+V2+V4,86.8294,3,3
2,empirical_full,I+V3+V4,85.2808,4,2
2,empirical_full,I+V3+V5,83.6492,5,2
2,empirical_full,II+V2+V4,83.3178,6,2
2,empirical_full,V2+V4+V5,82.5249,7,3
2,empirical_full,II+V2+V5,81.7175,8,2
2,empirical_full,V2+V4+V6,81.4019,9,3
2,empirical_full,I+V2+V3,80.2506,10,2
2,empirical_full,I+V2+V6,79.6671,11,2
2,empirical_full,V1+V2+V5,78.9833,12,3
2,empirical_full,V2+V3+V5,77.8808,13,3
2,empirical_full,I+V3+V6,76.821,14,2
2,empirical_full,II+V3+V5,76.5943,15,2
2,empirical_full,V1+V2+V3,76.118,16,3
2,empirical_full,V2+V3+V4,75.8071,17,3
2,empirical_full,II+V3+V4,75.2678,18,2
2,empirical_full,V2+V3+V6,73.9513,19,3
2,empirical_full,V1+V3+V4,73.9146,20,3
2,empirical_full,II+V2+V6,73.8316,21,2
2,empirical_full,V3+V4+V5,73.3293,22,3
2,empirical_full,I+V1+V5,72.1496,23,2
2,empirical_full,V3+V4+V6,71.5246,24,3
2,empirical_full,I+V4+V6,71.1796,25,2
2,empirical_full,II+V3+V6,71.0005,26,2
2,empirical_full,I+II+V2,69.798,27,1
2,empirical_full,I+V4+V5,69.6762,28,2
2,empirical_full,I+V1+V4,68.8626,29,2
2,empirical_full,V2+V5+V6,68.5875,30,3
2,empirical_full,V1+V2+V6,68.2096,31,3
2,empirical_full,I+II+V3,68.0282,32,1
2,empirical_full,II+V2+V3,65.8002,33,2
2,empirical_full,II+V4+V6,65.6134,34,2
2,empirical_full,II+V4+V5,65.2696,35,2
2,empirical_full,I+V1+V6,64.7943,36,2
2,empirical_full,V1+V3+V5,63.6077,37,3
2,empirical_full,I+II+V4,62.7485,38,1
2,empirical_full,II+V1+V5,61.6819,39,2
2,empirical_full,II+V1+V4,61.6716,40,2
2,empirical_full,I+V5+V6,59.3542,41,2
2,empirical_full,II+V1+V2,58.4681,42,2
2,empirical_full,II+V1+V3,58.4518,43,2
2,empirical_full,I+V1+V3,57.3166,44,2
2,empirical_full,V3+V5+V6,56.7734,45,3
2,empirical_full,I+II+V5,56.6799,46,1
2,empirical_full,V1+V3+V6,55.0072,47,3
2,empirical_full,I+II+V1,54.7488,48,1
2,empirical_full,I+II+V6,52.7142,49,1
2,empirical_full,II+V5+V6,52.1745,50,2
2,empirical_full,II+V1+V6,50.706,51,2
2,empirical_full,V1+V4+V6,44.5946,52,3
2,empirical_full,V1+V4+V5,43.4078,53,3
2,empirical_full,I+V1+V2,42.9207,54,2
2,empirical_full,V4+V5+V6,42.4218,55,3
2,empirical_full,V1+V5+V6,39.0959,56,3
2,limb_artifact_x4,V1+V2+V5,183.364,1,3
2,limb_artifact_x4,V1+V2+V4,182.172,2,3
2,limb_artifact_x4,V1+V2+V6,181.313,3,3
2,limb_artifact_x4,V1+V3+V5,174.927,4,3
2,limb_artifact_x4,V1+V3+V6,174.405,5,3
2,limb_artifact_x4,V1+V3+V4,173.514,6,3
2,limb_artifact_x4,I+V1+V5,173.513,7,2
2,limb_artifact_x4,I+V1+V4,173.085,8,2
2,limb_artifact_x4,V1+V2+V3,172.119,9,3
2,limb_artifact_x4,I+V1+V6,171.525,10,2
2,limb_artifact_x4,V1+V4+V6,170.115,11,3
2,limb_artifact_x4,V1+V4+V5,169.084,12,3
2,limb_artifact_x4,II+V1+V5,168.975,13,2
2,limb_artifact_x4,II+V1+V4,168.613,14,2
2,limb_artifact_x4,V1+V5+V6,168.344,15,3
2,limb_artifact_x4,V2+V4+V6,167.348,16,3
2,limb_artifact_x4,II+V1+V6,166.219,17,2
2,limb_artifact_x4,I+V1+V3,166.046,18,2
2,limb_artifact_x4,II+V1+V3,165.536,19,2
2,limb_artifact_x4,II+V1+V2,165.181,20,2
2,limb_artifact_x4,V2+V3+V6,164.465,21,3
2,limb_artifact_x4,V2+V4+V5,163.565,22,3
2,limb_artifact_x4,I+V2+V5,163.492,23,2
2,limb_artifact_x4,V2+V5+V6,163.362,24,3
2,limb_artifact_x4,I+V2+V6,163.315,25,2
2,limb_artifact_x4,V2+V3+V5,162.683,26,3
2,limb_artifact_x4,I+V2+V4,160.522,27,2
2,limb_artifact_x4,II+V2+V6,158.164,28,2
2,limb_artifact_x4,I+V3+V6,156.892,29,2
2,limb_artifact_x4,II+V2+V5,156.572,30,2
2,limb_artifact_x4,I+V1+V2,155.455,31,2
2,limb_artifact_x4,V3+V4+V6,154.882,32,3
2,limb_artifact_x4,I+II+V1,154.797,33,1
2,limb_artifact_x4,V2+V3+V4,154.568,34,3
2,limb_artifact_x4,V3+V5+V6,153.042,35,3
2,limb_artifact_x4,I+V3+V5,152.996,36,2
2,limb_artifact_x4,II+V3+V6,151.068,37,2
2,limb_artifact_x4,I+V2+V3,151.064,38,2
2,limb_artifact_x4,II+V2+V4,149.442,39,2
2,limb_artifact_x4,I+V4+V6,149.175,40,2
2,limb_artifact_x4,V3+V4+V5,148.491,41,3
2,limb_artifact_x4,II+V3+V5,146.072,42,2
2,limb_artifact_x4,I+V3+V4,145.224,43,2
2,limb_artifact_x4,II+V4+V6,142.394,44,2
2,limb_artifact_x4,I+II+V2,139.968,45,1
2,limb_artifact_x4,I+V5+V6,139.453,46,2
2,limb_artifact_x4,V4+V5+V6,139.232,47,3
2,limb_artifact_x4,II+V2+V3,137.732,48,2
2,limb_artifact_x4,I+V4+V5,136.707,49,2
2,limb_artifact_x4,II+V3+V4,133.761,50,2
2,limb_artifact_x4,II+V5+V6,132.669,51,2
2,limb_artifact_x4,I+II+V3,132.338,52,1
2,limb_artifact_x4,II+V4+V5,129.851,53,2
2,limb_artifact_x4,I+II+V4,120.029,54,1
2,limb_artifact_x4,I+II+V6,116.7,55,1
2,limb_artifact_x4,I+II+V5,115.468,56,1
2,chest_artifact_x4,I+II+V1,189.016,1,1
2,chest_artifact_x4,I+II+V2,183.577,2,1
2,chest_artifact_x4,I+II+V3,179.923,3,1
2,chest_artifact_x4,I+V1+V4,176.53,4,2
2,chest_artifact_x4,I+V1+V5,176.403,5,2
2,chest_artifact_x4,I+V1+V6,175.181,6,2
2,chest_artifact_x4,I+II+V4,174.992,7,1
2,chest_artifact_x4,I+V1+V3,172.615,8,2
2,chest_artifact_x4,I+V2+V5,170.415,9,2
2,chest_artifact_x4,I+V2+V6,169.913,10,2
2,chest_artifact_x4,I+V2+V4,169.88,11,2
2,chest_artifact_x4,I+II+V5,167.825,12,1
2,chest_artifact_x4,I+V1+V2,166.948,13,2
2,chest_artifact_x4,I+V3+V6,165.828,14,2
2,chest_artifact_x4,I+II+V6,165.559,15,1
2,chest_artifact_x4,I+V2+V3,165.545,16,2
2,chest_artifact_x4,II+V1+V5,164.926,17,2
2,chest_artifact_x4,II+V1+V2,164.705,18,2
2,chest_artifact_x4,II+V1+V4,164.499,19,2
2,chest_artifact_x4,II+V1+V3,163.955,20,2
2,chest_artifact_x4,I+V3+V5,163.635,21,2
2,chest_artifact_x4,II+V1+V6,163.154,22,2
2,chest_artifact_x4,I+V4+V6,160.249,23,2
2,chest_artifact_x4,I+V3+V4,160.138,24,2
2,chest_artifact_x4,II+V2+V6,154.73,25,2
2,chest_artifact_x4,I+V5+V6,153.068,26,2
2,chest_artifact_x4,I+V4+V5,152.584,27,2
2,chest_artifact_x4,II+V2+V5,152.509,28,2
2,chest_artifact_x4,II+V3+V6,149.849,29,2
2,chest_artifact_x4,V1+V2+V5,147.7,30,3
2,chest_artifact_x4,V1+V2+V4,146.515,31,3
2,chest_artifact_x4,II+V2+V4,146.358,32,2
2,chest_artifact_x4,V1+V2+V6,145.67,33,3
2,chest_artifact_x4,II+V3+V5,145.62,34,2
2,chest_artifact_x4,II+V4+V6,143.777,35,2
2,chest_artifact_x4,II+V2+V3,142.873,36,2
2,chest_artifact_x4,V1+V3+V5,139.312,37,3
2,chest_artifact_x4,V1+V3+V6,138.804,38,3
2,chest_artifact_x4,V1+V3+V4,137.9,39,3
2,chest_artifact_x4,II+V5+V6,137.752,40,2
2,chest_artifact_x4,V1+V2+V3,136.549,41,3
2,chest_artifact_x4,II+V3+V4,136.386,42,2
2,chest_artifact_x4,II+V4+V5,135.437,43,2
2,chest_artifact_x4,V1+V4+V6,134.65,44,3
2,chest_artifact_x4,V1+V4+V5,133.695,45,3
2,chest_artifact_x4,V1+V5+V6,132.925,46,3
2,chest_artifact_x4,V2+V4+V6,131.771,47,3
2,chest_artifact_x4,V2+V3+V6,128.946,48,3
2,chest_artifact_x4,V2+V4+V5,128.005,49,3
2,chest_artifact_x4,V2+V5+V6,127.887,50,3
2,chest_artifact_x4,V2+V3+V5,127.172,51,3
2,chest_artifact_x4,V3+V4+V6,119.388,52,3
2,chest_artifact_x4,V2+V3+V4,119.212,53,3
2,chest_artifact_x4,V3+V5+V6,117.706,54,3
2,chest_artifact_x4,V3+V4+V5,113.019,55,3
2,chest_artifact_x4,V4+V5+V6,104.054,56,3
2,ar1_rho0.8,I+V1+V5,79.3468,1,2
2,ar1_rho0.8,I+V1+V4,79.1252,2,2
2,ar1_rho0.8,I+V1+V6,77.8992,3,2
2,ar1_rho0.8,I+II+V1,76.536,4,1
2,ar1_rho0.8,V1+V2+V5,75.1125,5,3
2,ar1_rho0.8,V1+V2+V4,74.0326,6,3
2,ar1_rho0.8,I+V1+V3,74.0204,7,2
2,ar1_rho0.8,V1+V2+V6,73.1435,8,3
2,ar1_rho0.8,II+V1+V5,72.9366,9,2
2,ar1_rho0.8,II+V1+V4,72.4745,10,2
2,ar1_rho0.8,II+V1+V2,71.2172,11,2
2,ar1_rho0.8,I+V2+V5,71.0387,12,2
2,ar1_rho0.8,II+V1+V3,70.8582,13,2
2,ar1_rho0.8,II+V1+V6,70.8498,14,2
2,ar1_rho0.8,I+V2+V6,70.8104,15,2
2,ar1_rho0.8,I+V2+V4,69.4572,16,2
2,ar1_rho0.8,I+V1+V2,68.3154,17,2
2,ar1_rho0.8,V1+V3+V5,67.951,18,3
2,ar1_rho0.8,V1+V3+V6,67.3687,19,3
2,ar1_rho0.8,I+II+V2,66.9925,20,1
2,ar1_rho0.8,V1+V3+V4,66.6281,21,3
2,ar1_rho0.8,I+V3+V6,65.5476,22,2
2,ar1_rho0.8,V1+V4+V6,65.0907,23,3
2,ar1_rho0.8,V1+V4+V5,64.6165,24,3
2,ar1_rho0.8,V1+V2+V3,64.6046,25,3
2,ar1_rho0.8,I+V2+V3,63.5551,26,2
2,ar1_rho0.8,V1+V5+V6,63.5146,27,3
2,ar1_rho0.8,II+V2+V6,62.645,28,2
2,ar1_rho0.8,I+V3+V5,62.5447,29,2
2,ar1_rho0.8,I+II+V3,60.9461,30,1
2,ar1_rho0.8,II+V2+V5,60.707,31,2
2,ar1_rho0.8,V2+V4+V6,60.5681,32,3
2,ar1_rho0.8,I+V4+V6,59.0666,33,2
2,ar1_rho0.8,V2+V3+V6,58.3386,34,3
2,ar1_rho0.8,V2+V5+V6,58.2578,35,3
2,ar1_rho0.8,I+V3+V4,57.5195,36,2
2,ar1_rho0.8,V2+V4+V5,57.299,37,3
2,ar1_rho0.8,V2+V3+V5,56.9492,38,3
2,ar1_rho0.8,II+V3+V6,56.5697,39,2
2,ar1_rho0.8,II+V2+V4,54.4911,40,2
2,ar1_rho0.8,I+II+V4,53.2523,41,1
2,ar1_rho0.8,II+V3+V5,51.9411,42,2
2,ar1_rho0.8,I+V5+V6,51.4099,43,2
2,ar1_rho0.8,V2+V3+V4,50.6741,44,3
2,ar1_rho0.8,I+V4+V5,49.6164,45,2
2,ar1_rho0.8,V3+V4+V6,49.4379,46,3
2,ar1_rho0.8,II+V4+V6,49.2707,47,2
2,ar1_rho0.8,V3+V5+V6,49.0952,48,3
2,ar1_rho0.8,II+V2+V3,48.8519,49,2
2,ar1_rho0.8,I+II+V6,47.1913,50,1
2,ar1_rho0.8,I+II+V5,47.0879,51,1
2,ar1_rho0.8,V3+V4+V5,43.379,52,3
2,ar1_rho0.8,II+V5+V6,42.077,53,2
2,ar1_rho0.8,II+V3+V4,41.9234,54,2
2,ar1_rho0.8,II+V4+V5,39.1975,55,2
2,ar1_rho0.8,V4+V5+V6,35.8922,56,3
2,empirical_full_ar1,I+V2+V4,-0.707466,1,2
2,empirical_full_ar1,I+V2+V5,-4.19446,2,2
2,empirical_full_ar1,V1+V2+V4,-6.75997,3,3
2,empirical_full_ar1,I+V3+V4,-8.47119,4,2
2,empirical_full_ar1,II+V2+V4,-9.02652,5,2
2,empirical_full_ar1,I+V3+V5,-9.98683,6,2
2,empirical_full_ar1,V2+V4+V5,-10.7316,7,3
2,empirical_full_ar1,V2+V4+V6,-11.5403,8,3
2,empirical_full_ar1,II+V2+V5,-11.5446,9,2
2,empirical_full_ar1,I+V2+V3,-13.07,10,2
2,empirical_full_ar1,I+V2+V6,-13.6322,11,2
2,empirical_full_ar1,V1+V2+V5,-14.2006,12,3
2,empirical_full_ar1,V2+V3+V5,-15.1399,13,3
2,empirical_full_ar1,V2+V3+V4,-15.9557,14,3
2,empirical_full_ar1,I+V3+V6,-16.3304,15,2
2,empirical_full_ar1,II+V3+V5,-16.576,16,2
2,empirical_full_ar1,V1+V2+V3,-16.8737,17,3
2,empirical_full_ar1,II+V3+V4,-17.0221,18,2
2,empirical_full_ar1,V2+V3+V6,-18.7062,19,3
2,empirical_full_ar1,V1+V3+V4,-18.8632,20,3
2,empirical_full_ar1,II+V2+V6,-19.157,21,2
2,empirical_full_ar1,V3+V4+V5,-19.2821,22,3
2,empirical_full_ar1,V3+V4+V6,-20.6734,23,3
2,empirical_full_ar1,I+V1+V5,-20.7181,24,2
2,empirical_full_ar1,I+V4+V6,-21.5323,25,2
2,empirical_full_ar1,II+V3+V6,-21.9202,26,2
2,empirical_full_ar1,I+II+V2,-22.4141,27,1
2,empirical_full_ar1,V2+V5+V6,-22.6327,28,3
2,empirical_full_ar1,I+V4+V5,-23.0786,29,2
2,empirical_full_ar1,I+V1+V4,-23.7977,30,2
2,empirical_full_ar1,I+II+V3,-24.0438,31,1
2,empirical_full_ar1,V1+V2+V6,-24.2995,32,3
2,empirical_full_ar1,II+V2+V3,-24.8813,33,2
2,empirical_full_ar1,II+V4+V6,-26.8347,34,2
2,empirical_full_ar1,II+V4+V5,-27.1605,35,2
2,empirical_full_ar1,I+V1+V6,-27.5628,36,2
2,empirical_full_ar1,V1+V3+V5,-28.1942,37,3
2,empirical_full_ar1,I+II+V4,-28.683,38,1
2,empirical_full_ar1,II+V1+V4,-30.3888,39,2
2,empirical_full_ar1,II+V1+V5,-30.6804,40,2
2,empirical_full_ar1,I+V5+V6,-32.3161,41,2
2,empirical_full_ar1,V3+V5+V6,-32.611,42,3
2,empirical_full_ar1,II+V1+V2,-33.1807,43,2
2,empirical_full_ar1,I+II+V5,-33.3395,44,1
2,empirical_full_ar1,II+V1+V3,-33.4332,45,2
2,empirical_full_ar1,I+V1+V3,-34.5736,46,2
2,empirical_full_ar1,V1+V3+V6,-36.1328,47,3
2,empirical_full_ar1,I+II+V6,-36.3867,48,1
2,empirical_full_ar1,I+II+V1,-36.5355,49,1
2,empirical_full_ar1,II+V5+V6,-39.4268,50,2
2,empirical_full_ar1,II+V1+V6,-41.0191,51,2
2,empirical_full_ar1,V1+V4+V6,-44.1298,52,3
2,empirical_full_ar1,V1+V4+V5,-44.5737,53,3
2,empirical_full_ar1,V4+V5+V6,-46.288,54,3
2,empirical_full_ar1,I+V1+V2,-46.4357,55,2
2,empirical_full_ar1,V1+V5+V6,-49.7455,56,3
3,identity,I+V1+V4,184.548,1,2
3,identity,I+V1+V5,183.917,2,2
3,identity,I+V1+V6,181.867,3,2
3,identity,V1+V2+V5,180.213,4,3
3,identity,V1+V2+V4,179.451,5,3
3,identity,I+V1+V3,179.33,6,2
3,identity,V1+V2+V6,178.254,7,3
3,identity,I+II+V1,178.148,8,1
3,identity,V1+V3+V5,174.601,9,3
3,identity,II+V1+V4,174.594,10,2
3,identity,II+V1+V3,174.358,11,2
3,identity,II+V1+V2,173.977,12,2
3,identity,II+V1+V5,173.743,13,2
3,identity,V1+V3+V6,173.667,14,3
3,identity,V1+V3+V4,173.534,15,3
3,identity,I+V2+V5,172.698,16,2
3,identity,I+V2+V4,172.455,17,2
3,identity,I+V2+V6,171.966,18,2
3,identity,V1+V2+V3,171.752,19,3
3,identity,II+V1+V6,170.579,20,2
3,identity,V1+V4+V5,170.22,21,3
3,identity,V1+V4+V6,169.531,22,3
3,identity,I+V1+V2,169.056,23,2
3,identity,I+V3+V6,168.69,24,2
3,identity,V1+V5+V6,167.777,25,3
3,identity,I+V3+V5,167.019,26,2
3,identity,I+II+V2,166.436,27,1
3,identity,I+V2+V3,166.015,28,2
3,identity,I+V3+V4,164.041,29,2
3,identity,I+II+V3,162.674,30,1
3,identity,I+V4+V6,161.35,31,2
3,identity,V2+V3+V6,161.218,32,3
3,identity,V2+V4+V6,160.717,33,3
3,identity,V2+V3+V5,159.482,34,3
3,identity,II+V2+V6,158.48,35,2
3,identity,V2+V4+V5,157.515,36,3
3,identity,V2+V5+V6,156.968,37,3
3,identity,II+V2+V5,156.5,38,2
3,identity,I+V4+V5,155.857,39,2
3,identity,I+II+V4,155.112,40,1
3,identity,II+V3+V6,153.281,41,2
3,identity,V2+V3+V4,153.019,42,3
3,identity,II+V2+V4,152.428,43,2
3,identity,V3+V4+V6,152.278,44,3
3,identity,V3+V5+V6,149.883,45,3
3,identity,II+V3+V5,149.244,46,2
3,identity,II+V2+V3,148.432,47,2
3,identity,V3+V4+V5,147.513,48,3
3,identity,I+V5+V6,146.883,49,2
3,identity,II+V3+V4,142.091,50,2
3,identity,II+V4+V6,141.813,51,2
3,identity,I+II+V5,141.593,52,1
3,identity,V4+V5+V6,136.304,53,3
3,identity,I+II+V6,135.512,54,1
3,identity,II+V4+V5,132.251,55,2
3,identity,II+V5+V6,124.577,56,2
3,empirical_diag,V1+V2+V4,178.408,1,3
3,empirical_diag,V2+V3+V5,177.196,2,3
3,empirical_diag,I+V2+V4,177.01,3,2
3,empirical_diag,V1+V2+V5,176.649,4,3
3,empirical_diag,V2+V4+V5,175.231,5,3
3,empirical_diag,I+V2+V5,175.055,6,2
3,empirical_diag,V2+V4+V6,173.969,7,3
3,empirical_diag,V2+V3+V6,173.826,8,3
3,empirical_diag,V2+V3+V4,173.578,9,3
3,empirical_diag,V1+V2+V3,170.928,10,3
3,empirical_diag,V1+V2+V6,170.304,11,3
3,empirical_diag,I+V2+V3,170.064,12,2
3,empirical_diag,V1+V3+V4,169.7,13,3
3,empirical_diag,I+V2+V6,169.548,14,2
3,empirical_diag,V1+V3+V5,169.008,15,3
3,empirical_diag,V2+V5+V6,168.899,16,3
3,empirical_diag,I+V3+V5,167.651,17,2
3,empirical_diag,I+V3+V4,166.218,18,2
3,empirical_diag,II+V2+V5,165.254,19,2
3,empirical_diag,I+V3+V6,165.042,20,2
3,empirical_diag,V1+V3+V6,164.689,21,3
3,empirical_diag,I+V1+V4,164.602,22,2
3,empirical_diag,V3+V4+V5,164.488,23,3
3,empirical_diag,V3+V4+V6,164.07,24,3
3,empirical_diag,II+V2+V4,164.049,25,2
3,empirical_diag,I+V1+V3,162.228,26,2
3,empirical_diag,II+V2+V6,161.111,27,2
3,empirical_diag,V3+V5+V6,160.865,28,3
3,empirical_diag,V1+V4+V5,159.474,29,3
3,empirical_diag,I+V1+V5,158.945,30,2
3,empirical_diag,II+V2+V3,157.778,31,2
3,empirical_diag,II+V1+V3,157.473,32,2
3,empirical_diag,II+V1+V2,157.154,33,2
3,empirical_diag,V1+V4+V6,157.017,34,3
3,empirical_diag,II+V3+V5,156.969,35,2
3,empirical_diag,I+II+V2,155.712,36,1
3,empirical_diag,II+V3+V6,155.047,37,2
3,empirical_diag,II+V1+V4,155.043,38,2
3,empirical_diag,I+V4+V6,154.11,39,2
3,empirical_diag,I+V1+V2,152.363,40,2
3,empirical_diag,I+V1+V6,151.9,41,2
3,empirical_diag,II+V3+V4,151.829,42,2
3,empirical_diag,I+V4+V5,151.712,43,2
3,empirical_diag,I+II+V3,151.567,44,1
3,empirical_diag,V1+V5+V6,149.026,45,3
3,empirical_diag,II+V1+V5,148.888,46,2
3,empirical_diag,V4+V5+V6,144.248,47,3
3,empirical_diag,I+II+V4,140.56,48,1
3,empirical_diag,II+V4+V6,140.552,49,2
3,empirical_diag,II+V1+V6,140.179,50,2
3,empirical_diag,I+II+V1,138.557,51,1
3,empirical_diag,II+V4+V5,136.879,52,2
3,empirical_diag,I+V5+V6,133.204,53,2
3,empirical_diag,I+II+V5,120.694,54,1
3,empirical_diag,II+V5+V6,115.849,55,2
3,empirical_diag,I+II+V6,107.543,56,1
3,empirical_full,I+V2+V4,89.8242,1,2
3,empirical_full,I+V2+V5,86.6903,2,2
3,empirical_full,I+V3+V4,84.1714,3,2
3,empirical_full,II+V2+V5,83.9819,4,2
3,empirical_full,I+V3+V5,83.0788,5,2
3,empirical_full,V1+V2+V4,82.6645,6,3
3,empirical_full,II+V3+V5,81.6102,7,2
3,empirical_full,I+V2+V3,80.9568,8,2
3,empirical_full,II+V2+V4,80.1859,9,2
3,empirical_full,V2+V4+V5,79.7681,10,3
3,empirical_full,I+V2+V6,79.0658,11,2
3,empirical_full,V2+V4+V6,78.1484,12,3
3,empirical_full,I+V3+V6,78.054,13,2
3,empirical_full,V1+V2+V5,77.3663,14,3
3,empirical_full,V2+V3+V5,77.2567,15,3
3,empirical_full,II+V3+V6,76.3831,16,2
3,empirical_full,II+V2+V6,76.2635,17,2
3,empirical_full,II+V3+V4,75.5502,18,2
3,empirical_full,V1+V2+V3,75.4908,19,3
3,empirical_full,V2+V3+V6,73.7002,20,3
3,empirical_full,V1+V3+V4,73.6094,21,3
3,empirical_full,V3+V4+V5,73.4664,22,3
3,empirical_full,V2+V3+V4,72.5311,23,3
3,empirical_full,II+V4+V6,72.1281,24,2
3,empirical_full,I+V4+V6,72.0309,25,2
3,empirical_full,II+V4+V5,71.4761,26,2
3,empirical_full,V3+V4+V6,71.312,27,3
3,empirical_full,I+V4+V5,70.8715,28,2
3,empirical_full,I+V1+V4,70.8005,29,2
3,empirical_full,I+II+V4,69.8225,30,1
3,empirical_full,I+II+V3,69.4521,31,1
3,empirical_full,V2+V5+V6,69.2983,32,3
3,empirical_full,I+II+V2,69.0512,33,1
3,empirical_full,V1+V2+V6,68.8466,34,3
3,empirical_full,I+V1+V5,68.4859,35,2
3,empirical_full,II+V1+V4,67.9713,36,2
3,empirical_full,V1+V3+V5,67.7486,37,3
3,empirical_full,II+V1+V5,67.7286,38,2
3,empirical_full,II+V2+V3,65.5812,39,2
3,empirical_full,I+V1+V3,63.8177,40,2
3,empirical_full,II+V1+V3,63.0546,41,2
3,empirical_full,V3+V5+V6,62.6664,42,3
3,empirical_full,V1+V3+V6,61.4233,43,3
3,empirical_full,I+V1+V6,61.1331,44,2
3,empirical_full,I+II+V5,60.4081,45,1
3,empirical_full,II+V1+V2,58.4203,46,2
3,empirical_full,II+V5+V6,57.1599,47,2
3,empirical_full,I+V5+V6,56.1814,48,2
3,empirical_full,II+V1+V6,55.9984,49,2
3,empirical_full,I+II+V1,53.5358,50,1
3,empirical_full,V1+V4+V6,53.2396,51,3
3,empirical_full,V1+V4+V5,53.2358,52,3
3,empirical_full,V4+V5+V6,51.1214,53,3
3,empirical_full,I+V1+V2,47.4891,54,2
3,empirical_full,V1+V5+V6,47.3733,55,3
3,empirical_full,I+II+V6,46.1782,56,1
3,limb_artifact_x4,V1+V2+V5,189.904,1,3
3,limb_artifact_x4,V1+V2+V4,189.139,2,3
3,limb_artifact_x4,V1+V2+V6,187.942,3,3
3,limb_artifact_x4,V1+V3+V5,184.275,4,3
3,limb_artifact_x4,V1+V3+V6,183.341,5,3
3,limb_artifact_x4,V1+V3+V4,183.206,6,3
3,limb_artifact_x4,V1+V2+V3,181.421,7,3
3,limb_artifact_x4,I+V1+V4,180.922,8,2
3,limb_artifact_x4,I+V1+V5,180.446,9,2
3,limb_artifact_x4,V1+V4+V5,179.847,10,3
3,limb_artifact_x4,V1+V4+V6,179.163,11,3
3,limb_artifact_x4,I+V1+V6,178.038,12,2
3,limb_artifact_x4,V1+V5+V6,177.408,13,3
3,limb_artifact_x4,II+V1+V4,175.32,14,2
3,limb_artifact_x4,I+V1+V3,175.277,15,2
3,limb_artifact_x4,II+V1+V5,174.779,16,2
3,limb_artifact_x4,II+V1+V3,173.638,17,2
3,limb_artifact_x4,II+V1+V2,171.618,18,2
3,limb_artifact_x4,II+V1+V6,171.064,19,2
3,limb_artifact_x4,V2+V3+V6,170.871,20,3
3,limb_artifact_x4,V2+V4+V6,170.377,21,3
3,limb_artifact_x4,V2+V3+V5,169.129,22,3
3,limb_artifact_x4,V2+V4+V5,167.164,23,3
3,limb_artifact_x4,V2+V5+V6,166.602,24,3
3,limb_artifact_x4,I+V2+V5,165.846,25,2
3,limb_artifact_x4,I+V2+V6,165.84,26,2
3,limb_artifact_x4,I+V2+V4,164.879,27,2
3,limb_artifact_x4,I+V1+V2,163.393,28,2
3,limb_artifact_x4,V2+V3+V4,162.621,29,3
3,limb_artifact_x4,V3+V4+V6,161.908,30,3
3,limb_artifact_x4,I+V3+V6,161.451,31,2
3,limb_artifact_x4,I+II+V1,160.593,32,1
3,limb_artifact_x4,V3+V5+V6,159.493,33,3
3,limb_artifact_x4,II+V2+V6,159.199,34,2
3,limb_artifact_x4,I+V3+V5,158.573,35,2
3,limb_artifact_x4,II+V2+V5,157.516,36,2
3,limb_artifact_x4,V3+V4+V5,157.131,37,3
3,limb_artifact_x4,I+V2+V3,156.952,38,2
3,limb_artifact_x4,I+V3+V4,154.163,39,2
3,limb_artifact_x4,II+V3+V6,153.785,40,2
3,limb_artifact_x4,II+V2+V4,153.245,41,2
3,limb_artifact_x4,I+V4+V6,151.576,42,2
3,limb_artifact_x4,II+V3+V5,149.67,43,2
3,limb_artifact_x4,II+V2+V3,146.093,44,2
3,limb_artifact_x4,V4+V5+V6,145.886,45,3
3,limb_artifact_x4,I+V4+V5,143.3,46,2
3,limb_artifact_x4,I+II+V2,142.507,47,1
3,limb_artifact_x4,II+V4+V6,141.747,48,2
3,limb_artifact_x4,II+V3+V4,141.395,49,2
3,limb_artifact_x4,I+II+V3,138.538,50,1
3,limb_artifact_x4,I+V5+V6,133.775,51,2
3,limb_artifact_x4,II+V4+V5,131.263,52,2
3,limb_artifact_x4,I+II+V4,128.543,53,1
3,limb_artifact_x4,II+V5+V6,121.84,54,2
3,limb_artifact_x4,I+II+V5,112.681,55,1
3,limb_artifact_x4,I+II+V6,106.906,56,1
3,chest_artifact_x4,I+II+V1,189.109,1,1
3,chest_artifact_x4,I+II+V2,183.105,2,1
3,chest_artifact_x4,I+V1+V4,181.289,3,2
3,chest_artifact_x4,I+II+V3,180.487,4,1
3,chest_artifact_x4,I+V1+V5,180.428,5,2
3,chest_artifact_x4,I+V1+V6,178.614,6,2
3,chest_artifact_x4,I+V1+V3,177.229,7,2
3,chest_artifact_x4,I+II+V4,174.924,8,1
3,chest_artifact_x4,I+V2+V4,174.261,9,2
3,chest_artifact_x4,I+V2+V5,173.807,10,2
3,chest_artifact_x4,I+V2+V6,172.561,11,2
3,chest_artifact_x4,I+V3+V6,170.404,12,2
3,chest_artifact_x4,I+V1+V2,170.325,13,2
3,chest_artifact_x4,I+V3+V5,169.76,14,2
3,chest_artifact_x4,I+V2+V3,169.622,15,2
3,chest_artifact_x4,I+V3+V4,167.977,16,2
3,chest_artifact_x4,I+V4+V6,165.36,17,2
3,chest_artifact_x4,I+II+V5,164.927,18,1
3,chest_artifact_x4,II+V1+V2,164.563,19,2
3,chest_artifact_x4,II+V1+V3,164.021,20,2
3,chest_artifact_x4,II+V1+V4,162.919,21,2
3,chest_artifact_x4,I+V4+V5,161.992,22,2
3,chest_artifact_x4,II+V1+V5,161.747,23,2
3,chest_artifact_x4,I+II+V6,161.011,24,1
3,chest_artifact_x4,II+V1+V6,159.142,25,2
3,chest_artifact_x4,I+V5+V6,154.858,26,2
3,chest_artifact_x4,V1+V2+V5,154.167,27,3
3,chest_artifact_x4,V1+V2+V4,153.414,28,3
3,chest_artifact_x4,V1+V2+V6,152.217,29,3
3,chest_artifact_x4,V1+V3+V5,148.612,30,3
3,chest_artifact_x4,II+V2+V6,148.331,31,2
3,chest_artifact_x4,V1+V3+V6,147.678,32,3
3,chest_artifact_x4,V1+V3+V4,147.553,33,3
3,chest_artifact_x4,II+V2+V5,146.383,34,2
3,chest_artifact_x4,V1+V2+V3,145.783,35,3
3,chest_artifact_x4,V1+V4+V5,144.385,36,3
3,chest_artifact_x4,V1+V4+V6,143.68,37,3
3,chest_artifact_x4,II+V3+V6,143.553,38,2
3,chest_artifact_x4,II+V2+V4,142.96,39,2
3,chest_artifact_x4,V1+V5+V6,141.93,40,3
3,chest_artifact_x4,II+V2+V3,141.491,41,2
3,chest_artifact_x4,II+V3+V5,139.984,42,2
3,chest_artifact_x4,V2+V3+V6,135.303,43,3
3,chest_artifact_x4,V2+V4+V6,134.778,44,3
3,chest_artifact_x4,II+V3+V4,134.61,45,2
3,chest_artifact_x4,V2+V3+V5,133.591,46,3
3,chest_artifact_x4,II+V4+V6,133.318,47,2
3,chest_artifact_x4,V2+V4+V5,131.612,48,3
3,chest_artifact_x4,V2+V5+V6,131.116,49,3
3,chest_artifact_x4,V2+V3+V4,127.27,50,3
3,chest_artifact_x4,V3+V4+V6,126.436,51,3
3,chest_artifact_x4,II+V4+V5,125.206,52,2
3,chest_artifact_x4,V3+V5+V6,124.106,53,3
3,chest_artifact_x4,V3+V4+V5,121.712,54,3
3,chest_artifact_x4,II+V5+V6,120.286,55,2
3,chest_artifact_x4,V4+V5+V6,110.62,56,3
3,ar1_rho0.8,I+V1+V4,79.5451,1,2
3,ar1_rho0.8,I+V1+V5,78.8369,2,2
3,ar1_rho0.8,I+V1+V6,76.9961,3,2
3,ar1_rho0.8,V1+V2+V5,76.0656,4,3
3,ar1_rho0.8,V1+V2+V4,75.3335,5,3
3,ar1_rho0.8,I+V1+V3,75.1519,6,2
3,ar1_rho0.8,V1+V2+V6,74.2275,7,3
3,ar1_rho0.8,I+II+V1,73.3662,8,1
3,ar1_rho0.8,V1+V3+V5,71.9015,9,3
3,ar1_rho0.8,V1+V3+V4,70.9075,10,3
3,ar1_rho0.8,V1+V3+V6,70.8803,11,3
3,ar1_rho0.8,II+V1+V4,70.0419,12,2
3,ar1_rho0.8,II+V1+V3,69.9119,13,2
3,ar1_rho0.8,II+V1+V2,69.5869,14,2
3,ar1_rho0.8,V1+V4+V5,69.2931,15,3
3,ar1_rho0.8,II+V1+V5,69.1431,16,2
3,ar1_rho0.8,V1+V2+V3,68.7058,17,3
3,ar1_rho0.8,V1+V4+V6,68.4449,18,3
3,ar1_rho0.8,I+V2+V5,67.8325,19,2
3,ar1_rho0.8,I+V2+V4,67.7867,20,2
3,ar1_rho0.8,I+V1+V2,67.7361,21,2
3,ar1_rho0.8,I+V2+V6,67.2607,22,2
3,ar1_rho0.8,V1+V5+V6,66.7589,23,3
3,ar1_rho0.8,II+V1+V6,66.2125,24,2
3,ar1_rho0.8,I+V3+V6,63.9916,25,2
3,ar1_rho0.8,I+V3+V5,62.43,26,2
3,ar1_rho0.8,I+V2+V3,62.4277,27,2
3,ar1_rho0.8,I+II+V2,61.8729,28,1
3,ar1_rho0.8,I+V3+V4,60.1839,29,2
3,ar1_rho0.8,V2+V3+V6,59.4263,30,3
3,ar1_rho0.8,V2+V4+V6,58.2793,31,3
3,ar1_rho0.8,I+II+V3,58.2593,32,1
3,ar1_rho0.8,V2+V3+V5,58.0725,33,3
3,ar1_rho0.8,I+V4+V6,56.836,34,2
3,ar1_rho0.8,V2+V5+V6,55.8409,35,3
3,ar1_rho0.8,V2+V4+V5,55.7079,36,3
3,ar1_rho0.8,II+V2+V6,54.6981,37,2
3,ar1_rho0.8,V2+V3+V4,53.2449,38,3
3,ar1_rho0.8,II+V2+V5,53.0098,39,2
3,ar1_rho0.8,I+V4+V5,52.0481,40,2
3,ar1_rho0.8,V3+V4+V6,51.1499,41,3
3,ar1_rho0.8,I+II+V4,51.0205,42,1
3,ar1_rho0.8,II+V2+V4,50.0614,43,2
3,ar1_rho0.8,II+V3+V6,49.6619,44,2
3,ar1_rho0.8,V3+V5+V6,49.4293,45,3
3,ar1_rho0.8,II+V2+V3,47.7485,46,2
3,ar1_rho0.8,V3+V4+V5,46.869,47,3
3,ar1_rho0.8,II+V3+V5,46.0506,48,2
3,ar1_rho0.8,I+V5+V6,43.5529,49,2
3,ar1_rho0.8,II+V3+V4,40.5418,50,2
3,ar1_rho0.8,I+II+V5,39.1602,51,1
3,ar1_rho0.8,II+V4+V6,38.5999,52,2
3,ar1_rho0.8,V4+V5+V6,36.536,53,3
3,ar1_rho0.8,I+II+V6,35.2209,54,1
3,ar1_rho0.8,II+V4+V5,30.0189,55,2
3,ar1_rho0.8,II+V5+V6,22.5711,56,2
3,empirical_full_ar1,I+V2+V4,-10.0011,1,2
3,empirical_full_ar1,I+V2+V5,-12.8442,2,2
3,empirical_full_ar1,II+V2+V5,-14.1495,3,2
3,empirical_full_ar1,I+V3+V4,-15.3085,4,2
3,empirical_full_ar1,V1+V2+V4,-16.2159,5,3
3,empirical_full_ar1,I+V3+V5,-16.3335,6,2
3,empirical_full_ar1,II+V3+V5,-16.6197,7,2
3,empirical_full_ar1,II+V2+V4,-16.7421,8,2
3,empirical_full_ar1,I+V2+V3,-18.2874,9,2
3,empirical_full_ar1,V2+V4+V5,-18.7182,10,3
3,empirical_full_ar1,V2+V4+V6,-19.8955,11,3
3,empirical_full_ar1,I+V2+V6,-19.9387,12,2
3,empirical_full_ar1,V1+V2+V5,-20.9036,13,3
3,empirical_full_ar1,V2+V3+V5,-20.9873,14,3
3,empirical_full_ar1,I+V3+V6,-21.0045,15,2
3,empirical_full_ar1,II+V3+V4,-21.4072,16,2
3,empirical_full_ar1,II+V3+V6,-21.7005,17,2
3,empirical_full_ar1,II+V2+V6,-21.7791,18,2
3,empirical_full_ar1,V1+V2+V3,-23.0672,19,3
3,empirical_full_ar1,V2+V3+V4,-23.9182,20,3
3,empirical_full_ar1,V2+V3+V6,-24.2427,21,3
3,empirical_full_ar1,V3+V4+V5,-24.3037,22,3
3,empirical_full_ar1,V1+V3+V4,-24.3282,23,3
3,empirical_full_ar1,II+V4+V6,-25.7159,24,2
3,empirical_full_ar1,V3+V4+V6,-25.9073,25,3
3,empirical_full_ar1,II+V4+V5,-26.2946,26,2
3,empirical_full_ar1,V2+V5+V6,-26.6453,27,3
3,empirical_full_ar1,I+V4+V6,-26.7197,28,2
3,empirical_full_ar1,I+V4+V5,-27.84,29,2
3,empirical_full_ar1,I+V1+V4,-27.8516,30,2
3,empirical_full_ar1,I+II+V4,-28.1395,31,1
3,empirical_full_ar1,I+II+V3,-28.6586,32,1
3,empirical_full_ar1,V1+V2+V6,-28.7203,33,3
3,empirical_full_ar1,V1+V3+V5,-29.1712,34,3
3,empirical_full_ar1,I+II+V2,-29.2283,35,1
3,empirical_full_ar1,II+V1+V4,-29.4358,36,2
3,empirical_full_ar1,II+V1+V5,-29.9596,37,2
3,empirical_full_ar1,II+V2+V3,-29.9738,38,2
3,empirical_full_ar1,I+V1+V5,-29.9988,39,2
3,empirical_full_ar1,V3+V5+V6,-32.0445,40,3
3,empirical_full_ar1,I+V1+V3,-33.8692,41,2
3,empirical_full_ar1,II+V1+V3,-34.0945,42,2
3,empirical_full_ar1,V1+V3+V6,-34.8285,43,3
3,empirical_full_ar1,I+II+V5,-35.7301,44,1
3,empirical_full_ar1,I+V1+V6,-36.7128,45,2
3,empirical_full_ar1,II+V1+V2,-38.6543,46,2
3,empirical_full_ar1,II+V5+V6,-39.6688,47,2
3,empirical_full_ar1,V1+V4+V5,-40.644,48,3
3,empirical_full_ar1,V1+V4+V6,-40.9879,49,3
3,empirical_full_ar1,II+V1+V6,-41.097,50,2
3,empirical_full_ar1,I+V5+V6,-41.3282,51,2
3,empirical_full_ar1,V4+V5+V6,-43.1604,52,3
3,empirical_full_ar1,I+II+V1,-43.8435,53,1
3,empirical_full_ar1,V1+V5+V6,-46.7509,54,3
3,empirical_full_ar1,I+V1+V2,-47.1838,55,2
3,empirical_full_ar1,I+II+V6,-47.4929,56,1
4,identity,I+V1+V5,185.481,1,2
4,identity,I+V1+V4,184.195,2,2
4,identity,I+V1+V6,182.535,3,2
4,identity,V1+V2+V5,180.147,4,3
4,identity,I+V2+V5,178.272,5,2
4,identity,V1+V2+V4,177.157,6,3
4,identity,V1+V2+V6,176.943,7,3
4,identity,II+V1+V5,176.836,8,2
4,identity,I+V1+V3,176.616,9,2
4,identity,I+V2+V6,176.436,10,2
4,identity,V1+V3+V5,175.749,11,3
4,identity,I+II+V1,175.551,12,1
4,identity,I+V2+V4,175.315,13,2
4,identity,II+V1+V4,175.09,14,2
4,identity,V1+V4+V5,174.796,15,3
4,identity,V1+V3+V6,174.249,16,3
4,identity,V1+V4+V6,174.04,17,3
4,identity,I+V3+V6,174.04,18,2
4,identity,V1+V5+V6,173.959,19,3
4,identity,I+V3+V5,173.029,20,2
4,identity,II+V1+V6,172.294,21,2
4,identity,V1+V3+V4,172.272,22,3
4,identity,I+V4+V6,170.561,23,2
4,identity,II+V1+V3,169.541,24,2
4,identity,V2+V4+V6,169.104,25,3
4,identity,I+II+V2,167.947,26,1
4,identity,I+V1+V2,167.353,27,2
4,identity,V2+V4+V5,166.803,28,3
4,identity,V2+V5+V6,166.625,29,3
4,identity,II+V2+V5,166.348,30,2
4,identity,I+V3+V4,166.164,31,2
4,identity,V1+V2+V3,166.159,32,3
4,identity,II+V2+V6,166.086,33,2
4,identity,I+V4+V5,165.384,34,2
4,identity,II+V1+V2,165.284,35,2
4,identity,I+II+V3,165.168,36,1
4,identity,I+V2+V3,165.01,37,2
4,identity,II+V3+V6,164.167,38,2
4,identity,V2+V3+V6,164.137,39,3
4,identity,V2+V3+V5,162.883,40,3
4,identity,II+V3+V5,162.642,41,2
4,identity,I+II+V4,162.384,42,1
4,identity,V3+V4+V6,162.035,43,3
4,identity,V3+V5+V6,161.748,44,3
4,identity,II+V4+V6,160.761,45,2
4,identity,V3+V4+V5,158.772,46,3
4,identity,I+V5+V6,158.372,47,2
4,identity,II+V2+V4,156.449,48,2
4,identity,II+V4+V5,156.141,49,2
4,identity,V4+V5+V6,155.027,50,3
4,identity,II+V3+V4,149.601,51,2
4,identity,I+II+V5,149.586,52,1
4,identity,V2+V3+V4,147.544,53,3
4,identity,II+V5+V6,146.288,54,2
4,identity,I+II+V6,143.152,55,1
4,identity,II+V2+V3,139.399,56,2
4,empirical_diag,V2+V4+V5,182.945,1,3
4,empirical_diag,I+V2+V5,180.933,2,2
4,empirical_diag,I+V2+V4,180.274,3,2
4,empirical_diag,V2+V4+V6,179.92,4,3
4,empirical_diag,V1+V2+V5,179.144,5,3
4,empirical_diag,V2+V3+V5,178.746,6,3
4,empirical_diag,V1+V2+V4,178.567,7,3
4,empirical_diag,V2+V5+V6,175.835,8,3
4,empirical_diag,I+V3+V5,175.409,9,2
4,empirical_diag,V3+V4+V5,174.378,10,3
4,empirical_diag,V2+V3+V6,173.431,11,3
4,empirical_diag,V1+V3+V5,172.93,12,3
4,empirical_diag,I+V2+V6,172.454,13,2
4,empirical_diag,V3+V4+V6,171.753,14,3
4,empirical_diag,II+V2+V5,171.717,15,2
4,empirical_diag,V1+V3+V4,170.629,16,3
4,empirical_diag,V3+V5+V6,170.582,17,3
4,empirical_diag,I+V3+V4,170.409,18,2
4,empirical_diag,I+V3+V6,169.977,19,2
4,empirical_diag,V1+V2+V6,169.639,20,3
4,empirical_diag,V1+V4+V5,169.045,21,3
4,empirical_diag,I+V1+V4,168.474,22,2
4,empirical_diag,V2+V3+V4,167.556,23,3
4,empirical_diag,II+V3+V5,167.247,24,2
4,empirical_diag,I+V4+V5,167.21,25,2
4,empirical_diag,I+V2+V3,166.976,26,2
4,empirical_diag,I+V4+V6,166.865,27,2
4,empirical_diag,V1+V3+V6,166.236,28,3
4,empirical_diag,I+V1+V5,165.933,29,2
4,empirical_diag,V1+V2+V3,165.274,30,3
4,empirical_diag,II+V2+V4,165.094,31,2
4,empirical_diag,V1+V4+V6,165.008,32,3
4,empirical_diag,II+V2+V6,163.959,33,2
4,empirical_diag,V4+V5+V6,163.058,34,3
4,empirical_diag,II+V3+V6,161.882,35,2
4,empirical_diag,II+V1+V4,161.131,36,2
4,empirical_diag,II+V4+V5,160.109,37,2
4,empirical_diag,V1+V5+V6,159.632,38,3
4,empirical_diag,I+V1+V3,159.073,39,2
4,empirical_diag,II+V4+V6,158.896,40,2
4,empirical_diag,II+V1+V5,158.615,41,2
4,empirical_diag,II+V3+V4,156.538,42,2
4,empirical_diag,I+V1+V6,155.553,43,2
4,empirical_diag,I+II+V2,154.411,44,1
4,empirical_diag,II+V1+V3,154.044,45,2
4,empirical_diag,I+II+V4,151.625,46,1
4,empirical_diag,I+II+V3,151.211,47,1
4,empirical_diag,I+V1+V2,150.795,48,2
4,empirical_diag,II+V1+V2,149.662,49,2
4,empirical_diag,I+V5+V6,148.785,50,2
4,empirical_diag,II+V1+V6,146.026,51,2
4,empirical_diag,II+V2+V3,145.398,52,2
4,empirical_diag,II+V5+V6,138.989,53,2
4,empirical_diag,I+II+V1,136.193,54,1
4,empirical_diag,I+II+V5,132.449,55,1
4,empirical_diag,I+II+V6,118.129,56,1
4,empirical_full,I+V2+V4,95.1736,1,2
4,empirical_full,II+V2+V5,92.1508,2,2
4,empirical_full,I+V2+V5,91.94,3,2
4,empirical_full,II+V2+V4,91.4217,4,2
4,empirical_full,V1+V2+V4,89.6955,5,3
4,empirical_full,II+V3+V5,89.07,6,2
4,empirical_full,I+V3+V4,88.6187,7,2
4,empirical_full,I+V3+V5,87.458,8,2
4,empirical_full,V2+V4+V5,86.7079,9,3
4,empirical_full,V2+V4+V6,85.2644,10,3
4,empirical_full,II+V3+V4,85.1581,11,2
4,empirical_full,V2+V3+V5,82.7498,12,3
4,empirical_full,V1+V2+V5,82.7446,13,3
4,empirical_full,II+V3+V6,81.7321,14,2
4,empirical_full,I+V2+V3,81.7267,15,2
4,empirical_full,II+V4+V5,81.5337,16,2
4,empirical_full,II+V4+V6,81.46,17,2
4,empirical_full,II+V2+V6,80.9103,18,2
4,empirical_full,V1+V3+V4,79.8697,19,3
4,empirical_full,I+V2+V6,79.7806,20,2
4,empirical_full,V2+V3+V4,79.6612,21,3
4,empirical_full,V3+V4+V5,79.645,22,3
4,empirical_full,I+V3+V6,79.1291,23,2
4,empirical_full,V1+V2+V3,78.8843,24,3
4,empirical_full,I+V1+V5,78.0689,25,2
4,empirical_full,V2+V3+V6,77.7001,26,3
4,empirical_full,I+V4+V6,77.6183,27,2
4,empirical_full,I+V4+V5,77.5431,28,2
4,empirical_full,V3+V4+V6,77.5418,29,3
4,empirical_full,II+V1+V5,77.2448,30,2
4,empirical_full,I+V1+V4,77.1661,31,2
4,empirical_full,II+V1+V4,77.0236,32,2
4,empirical_full,V2+V5+V6,75.0125,33,3
4,empirical_full,I+II+V4,73.2603,34,1
4,empirical_full,V1+V3+V5,71.9161,35,3
4,empirical_full,V1+V2+V6,71.0683,36,3
4,empirical_full,II+V5+V6,69.5501,37,2
4,empirical_full,II+V2+V3,68.9606,38,2
4,empirical_full,I+V5+V6,68.8227,39,2
4,empirical_full,I+II+V2,67.9358,40,1
4,empirical_full,I+II+V3,67.0233,41,1
4,empirical_full,V3+V5+V6,66.9513,42,3
4,empirical_full,I+II+V5,66.8261,43,1
4,empirical_full,II+V1+V3,65.351,44,2
4,empirical_full,I+V1+V6,64.9896,45,2
4,empirical_full,V1+V3+V6,63.3849,46,3
4,empirical_full,I+V1+V3,62.605,47,2
4,empirical_full,II+V1+V6,60.9805,48,2
4,empirical_full,II+V1+V2,59.1484,49,2
4,empirical_full,V1+V4+V5,59.1388,50,3
4,empirical_full,V1+V4+V6,58.8302,51,3
4,empirical_full,V4+V5+V6,57.5773,52,3
4,empirical_full,V1+V5+V6,55.2045,53,3
4,empirical_full,I+II+V1,51.2558,54,1
4,empirical_full,I+II+V6,49.2159,55,1
4,empirical_full,I+V1+V2,47.4665,56,2
4,limb_artifact_x4,V1+V2+V5,189.808,1,3
4,limb_artifact_x4,V1+V2+V4,186.81,2,3
4,limb_artifact_x4,V1+V2+V6,186.599,3,3
4,limb_artifact_x4,V1+V3+V5,185.395,4,3
4,limb_artifact_x4,V1+V4+V5,184.39,5,3
4,limb_artifact_x4,V1+V3+V6,183.894,6,3
4,limb_artifact_x4,V1+V4+V6,183.645,7,3
4,limb_artifact_x4,V1+V5+V6,183.562,8,3
4,limb_artifact_x4,I+V1+V5,182.204,9,2
4,limb_artifact_x4,V1+V3+V4,181.911,10,3
4,limb_artifact_x4,I+V1+V4,180.188,11,2
4,limb_artifact_x4,V2+V4+V6,178.746,12,3
4,limb_artifact_x4,I+V1+V6,178.471,13,2
4,limb_artifact_x4,II+V1+V5,177.466,14,2
4,limb_artifact_x4,V2+V4+V5,176.436,15,3
4,limb_artifact_x4,V2+V5+V6,176.238,16,3
4,limb_artifact_x4,V1+V2+V3,175.788,17,3
4,limb_artifact_x4,II+V1+V4,175.282,18,2
4,limb_artifact_x4,V2+V3+V6,173.761,19,3
4,limb_artifact_x4,I+V2+V5,173.443,20,2
4,limb_artifact_x4,II+V1+V6,172.694,21,2
4,limb_artifact_x4,V2+V3+V5,172.5,22,3
4,limb_artifact_x4,V3+V4+V6,171.646,23,3
4,limb_artifact_x4,I+V2+V6,171.374,24,2
4,limb_artifact_x4,V3+V5+V6,171.322,25,3
4,limb_artifact_x4,I+V1+V3,170.807,26,2
4,limb_artifact_x4,I+V3+V6,169.24,27,2
4,limb_artifact_x4,I+V2+V4,168.469,28,2
4,limb_artifact_x4,V3+V4+V5,168.373,29,3
4,limb_artifact_x4,II+V1+V3,168.253,30,2
4,limb_artifact_x4,I+V3+V5,168.159,31,2
4,limb_artifact_x4,I+V4+V6,166.076,32,2
4,limb_artifact_x4,II+V2+V5,165.965,33,2
4,limb_artifact_x4,II+V2+V6,165.523,34,2
4,limb_artifact_x4,V4+V5+V6,164.584,35,3
4,limb_artifact_x4,II+V3+V6,163.387,36,2
4,limb_artifact_x4,II+V1+V2,162.5,37,2
4,limb_artifact_x4,II+V3+V5,161.621,38,2
4,limb_artifact_x4,I+V4+V5,160.468,39,2
4,limb_artifact_x4,I+V1+V2,160.083,40,2
4,limb_artifact_x4,II+V4+V6,160.051,41,2
4,limb_artifact_x4,I+V3+V4,158.822,42,2
4,limb_artifact_x4,V2+V3+V4,157.069,43,3
4,limb_artifact_x4,II+V4+V5,154.935,44,2
4,limb_artifact_x4,II+V2+V4,154.755,45,2
4,limb_artifact_x4,I+V2+V3,153.668,46,2
4,limb_artifact_x4,I+II+V1,152.969,47,1
4,limb_artifact_x4,I+V5+V6,151.81,48,2
4,limb_artifact_x4,II+V3+V4,146.456,49,2
4,limb_artifact_x4,II+V5+V6,144.838,50,2
4,limb_artifact_x4,I+II+V2,140.994,51,1
4,limb_artifact_x4,I+II+V4,140.5,52,1
4,limb_artifact_x4,I+II+V3,138.222,53,1
4,limb_artifact_x4,II+V2+V3,133.865,54,2
4,limb_artifact_x4,I+II+V5,126.284,55,1
4,limb_artifact_x4,I+II+V6,121.447,56,1
4,chest_artifact_x4,I+II+V1,190.836,1,1
4,chest_artifact_x4,I+II+V2,186.587,2,1
4,chest_artifact_x4,I+II+V3,184.173,3,1
4,chest_artifact_x4,I+V1+V5,181.713,4,2
4,chest_artifact_x4,I+V1+V4,181.463,5,2
4,chest_artifact_x4,I+II+V4,179.827,6,1
4,chest_artifact_x4,I+V1+V6,179.511,7,2
4,chest_artifact_x4,I+V2+V5,176.508,8,2
4,chest_artifact_x4,I+V1+V3,176.037,9,2
4,chest_artifact_x4,I+V2+V4,175.485,10,2
4,chest_artifact_x4,I+V2+V6,175.006,11,2
4,chest_artifact_x4,I+V3+V6,172.657,12,2
4,chest_artifact_x4,I+V3+V5,171.706,13,2
4,chest_artifact_x4,I+II+V5,169.426,14,1
4,chest_artifact_x4,I+V4+V6,168.975,15,2
4,chest_artifact_x4,I+V2+V3,168.763,16,2
4,chest_artifact_x4,I+V1+V2,168.204,17,2
4,chest_artifact_x4,I+V3+V4,167.32,18,2
4,chest_artifact_x4,II+V1+V5,167.093,19,2
4,chest_artifact_x4,II+V1+V4,166.258,20,2
4,chest_artifact_x4,I+V4+V5,164.565,21,2
4,chest_artifact_x4,I+II+V6,164.194,22,1
4,chest_artifact_x4,II+V1+V6,163.189,23,2
4,chest_artifact_x4,II+V1+V3,162.978,24,2
4,chest_artifact_x4,II+V1+V2,160.691,25,2
4,chest_artifact_x4,I+V5+V6,159.323,26,2
4,chest_artifact_x4,II+V2+V6,158.154,27,2
4,chest_artifact_x4,II+V2+V5,158.116,28,2
4,chest_artifact_x4,II+V3+V6,156.423,29,2
4,chest_artifact_x4,II+V3+V5,155.052,30,2
4,chest_artifact_x4,V1+V2+V5,154.205,31,3
4,chest_artifact_x4,II+V4+V6,152.426,32,2
4,chest_artifact_x4,V1+V2+V4,151.241,33,3
4,chest_artifact_x4,V1+V2+V6,151.017,34,3
4,chest_artifact_x4,II+V2+V4,150.172,35,2
4,chest_artifact_x4,V1+V3+V5,149.861,36,3
4,chest_artifact_x4,V1+V4+V5,149.068,37,3
4,chest_artifact_x4,V1+V3+V6,148.364,38,3
4,chest_artifact_x4,II+V4+V5,148.314,39,2
4,chest_artifact_x4,V1+V4+V6,148.284,40,3
4,chest_artifact_x4,V1+V5+V6,148.204,41,3
4,chest_artifact_x4,V1+V3+V4,146.407,42,3
4,chest_artifact_x4,II+V3+V4,144.465,43,2
4,chest_artifact_x4,V2+V4+V6,143.225,44,3
4,chest_artifact_x4,V2+V4+V5,140.954,45,3
4,chest_artifact_x4,V2+V5+V6,140.844,46,3
4,chest_artifact_x4,V1+V2+V3,140.325,47,3
4,chest_artifact_x4,II+V5+V6,139.101,48,2
4,chest_artifact_x4,V2+V3+V6,138.32,49,3
4,chest_artifact_x4,V2+V3+V5,137.092,50,3
4,chest_artifact_x4,II+V2+V3,137.089,51,2
4,chest_artifact_x4,V3+V4+V6,136.261,52,3
4,chest_artifact_x4,V3+V5+V6,136.082,53,3
4,chest_artifact_x4,V3+V4+V5,133.027,54,3
4,chest_artifact_x4,V4+V5+V6,129.406,55,3
4,chest_artifact_x4,V2+V3+V4,122.026,56,3
4,ar1_rho0.8,I+V1+V5,83.2393,1,2
4,ar1_rho0.8,I+V1+V4,82.1163,2,2
4,ar1_rho0.8,I+V1+V6,80.4434,3,2
4,ar1_rho0.8,V1+V2+V5,78.9708,4,3
4,ar1_rho0.8,V1+V4+V5,76.6573,5,3
4,ar1_rho0.8,I+V2+V5,76.2513,6,2
4,ar1_rho0.8,V1+V2+V4,76.1592,7,3
4,ar1_rho0.8,V1+V2+V6,75.9823,8,3
4,ar1_rho0.8,V1+V3+V5,75.9741,9,3
4,ar1_rho0.8,V1+V4+V6,75.7502,10,3
4,ar1_rho0.8,V1+V5+V6,75.6483,11,3
4,ar1_rho0.8,II+V1+V5,75.3587,12,2
4,ar1_rho0.8,I+V1+V3,75.2866,13,2
4,ar1_rho0.8,I+V2+V6,74.5187,14,2
4,ar1_rho0.8,V1+V3+V6,74.4955,15,3
4,ar1_rho0.8,I+II+V1,73.8342,16,1
4,ar1_rho0.8,II+V1+V4,73.8083,17,2
4,ar1_rho0.8,I+V2+V4,73.5716,18,2
4,ar1_rho0.8,V1+V3+V4,72.6535,19,3
4,ar1_rho0.8,I+V3+V6,72.1912,20,2
4,ar1_rho0.8,I+V3+V5,71.2903,21,2
4,ar1_rho0.8,II+V1+V6,71.2345,22,2
4,ar1_rho0.8,V2+V4+V6,68.9225,23,3
4,ar1_rho0.8,I+V4+V6,68.8303,24,2
4,ar1_rho0.8,II+V1+V3,68.6457,25,2
4,ar1_rho0.8,I+V1+V2,68.6454,26,2
4,ar1_rho0.8,V2+V5+V6,67.9748,27,3
4,ar1_rho0.8,V2+V4+V5,67.1238,28,3
4,ar1_rho0.8,I+II+V2,66.5313,29,1
4,ar1_rho0.8,V1+V2+V3,66.3052,30,3
4,ar1_rho0.8,II+V2+V5,65.2534,31,2
4,ar1_rho0.8,I+V3+V4,65.1605,32,2
4,ar1_rho0.8,II+V2+V6,64.9539,33,2
4,ar1_rho0.8,V2+V3+V6,64.8278,34,3
4,ar1_rho0.8,II+V1+V2,64.7148,35,2
4,ar1_rho0.8,I+V4+V5,64.374,36,2
4,ar1_rho0.8,I+V2+V3,64.2409,37,2
4,ar1_rho0.8,V3+V5+V6,63.9654,38,3
4,ar1_rho0.8,V2+V3+V5,63.8597,39,3
4,ar1_rho0.8,I+II+V3,63.8182,40,1
4,ar1_rho0.8,V3+V4+V6,63.2866,41,3
4,ar1_rho0.8,II+V3+V6,63.0564,42,2
4,ar1_rho0.8,II+V3+V5,61.6686,43,2
4,ar1_rho0.8,I+II+V4,61.1883,44,1
4,ar1_rho0.8,V3+V4+V5,60.3756,45,3
4,ar1_rho0.8,II+V4+V6,59.6805,46,2
4,ar1_rho0.8,I+V5+V6,57.6053,47,2
4,ar1_rho0.8,V4+V5+V6,57.551,48,3
4,ar1_rho0.8,II+V2+V4,56.343,49,2
4,ar1_rho0.8,II+V4+V5,55.6333,50,2
4,ar1_rho0.8,V2+V3+V4,50.491,51,3
4,ar1_rho0.8,II+V3+V4,49.9684,52,2
4,ar1_rho0.8,I+II+V5,49.8857,53,1
4,ar1_rho0.8,II+V5+V6,46.3169,54,2
4,ar1_rho0.8,I+II+V6,45.4086,55,1
4,ar1_rho0.8,II+V2+V3,41.2119,56,2
4,empirical_full_ar1,I+V2+V4,-1.57501,1,2
4,empirical_full_ar1,II+V2+V5,-3.83194,2,2
4,empirical_full_ar1,II+V2+V4,-3.92731,3,2
4,empirical_full_ar1,I+V2+V5,-4.58266,4,2
4,empirical_full_ar1,V1+V2+V4,-6.57893,5,3
4,empirical_full_ar1,II+V3+V5,-6.78872,6,2
4,empirical_full_ar1,I+V3+V4,-7.68079,7,2
4,empirical_full_ar1,I+V3+V5,-8.75619,8,2
4,empirical_full_ar1,V2+V4+V5,-9.1537,9,3
4,empirical_full_ar1,II+V3+V4,-9.94849,10,2
4,empirical_full_ar1,V2+V4+V6,-10.3235,11,3
4,empirical_full_ar1,V2+V3+V5,-12.7481,12,3
4,empirical_full_ar1,V1+V2+V5,-12.8705,13,3
4,empirical_full_ar1,II+V3+V6,-13.7245,14,2
4,empirical_full_ar1,II+V4+V5,-13.913,15,2
4,empirical_full_ar1,I+V2+V3,-13.9229,16,2
4,empirical_full_ar1,II+V4+V6,-14.0112,17,2
4,empirical_full_ar1,II+V2+V6,-14.4447,18,2
4,empirical_full_ar1,V2+V3+V4,-14.7547,19,3
4,empirical_full_ar1,V1+V3+V4,-15.3699,20,3
4,empirical_full_ar1,V3+V4+V5,-15.3899,21,3
4,empirical_full_ar1,I+V2+V6,-15.6804,22,2
4,empirical_full_ar1,I+V3+V6,-16.3584,23,2
4,empirical_full_ar1,V1+V2+V3,-16.5267,24,3
4,empirical_full_ar1,V3+V4+V6,-17.105,25,3
4,empirical_full_ar1,V2+V3+V6,-17.3327,26,3
4,empirical_full_ar1,I+V1+V5,-17.5423,27,2
4,empirical_full_ar1,I+V4+V6,-17.878,28,2
4,empirical_full_ar1,I+V4+V5,-17.9861,29,2
4,empirical_full_ar1,II+V1+V4,-18.0289,30,2
4,empirical_full_ar1,II+V1+V5,-18.0453,31,2
4,empirical_full_ar1,I+V1+V4,-18.3204,32,2
4,empirical_full_ar1,V2+V5+V6,-18.75,33,3
4,empirical_full_ar1,I+II+V4,-21.1791,34,1
4,empirical_full_ar1,V1+V3+V5,-22.1365,35,3
4,empirical_full_ar1,V1+V2+V6,-23.4092,36,3
4,empirical_full_ar1,II+V2+V3,-24.515,37,2
4,empirical_full_ar1,II+V5+V6,-25.1118,38,2
4,empirical_full_ar1,V3+V5+V6,-25.1973,39,3
4,empirical_full_ar1,I+V5+V6,-25.9507,40,2
4,empirical_full_ar1,I+II+V2,-25.9758,41,1
4,empirical_full_ar1,I+II+V5,-26.0773,42,1
4,empirical_full_ar1,I+II+V3,-26.8151,43,1
4,empirical_full_ar1,II+V1+V3,-28.6824,44,2
4,empirical_full_ar1,I+V1+V6,-29.3759,45,2
4,empirical_full_ar1,V1+V3+V6,-29.7781,46,3
4,empirical_full_ar1,I+V1+V3,-31.3848,47,2
4,empirical_full_ar1,V1+V4+V5,-32.1588,48,3
4,empirical_full_ar1,V1+V4+V6,-32.797,49,3
4,empirical_full_ar1,II+V1+V6,-33.1066,50,2
4,empirical_full_ar1,II+V1+V2,-34.0367,51,2
4,empirical_full_ar1,V4+V5+V6,-34.133,52,3
4,empirical_full_ar1,V1+V5+V6,-36.53,53,3
4,empirical_full_ar1,I+II+V6,-41.336,54,1
4,empirical_full_ar1,I+II+V1,-41.398,55,1
4,empirical_full_ar1,I+V1+V2,-43.3851,56,2
